,recipe_id,cookTime
0,2866389,20
1,3903843,9999
2,2500915,30
3,2167745,30
4,3972003,9999
5,2813323,20
6,3306430,9999
7,1485280,20
8,2069593,20
9,2181095,30
10,1285389,20
11,4455459,20
12,419114,20
13,853593,20
14,919118,10
15,2051903,20
16,3720229,50
17,3479839,9999
18,3720803,30
19,4088121,9999
20,1196266,20
21,2445154,9999
22,468391,10
23,1415913,5
24,625120,9999
25,2412575,20
26,1269668,20
27,1491806,20
28,3969423,20
29,2990412,20
30,1936286,20
31,2185605,20
32,4205067,9999
33,1623350,20
34,2619848,20
35,3550973,20
36,3645227,20
37,2167895,30
38,3928093,9999
39,4136752,9999
40,102203,30
41,597693,20
42,4222590,9999
43,271282,20
44,3470823,20
45,2764934,10
46,1421774,30
47,2808168,30
48,3591742,10
49,3399781,50
50,2826485,10
51,3255222,20
52,653821,50
53,3006127,9999
54,972401,20
55,4126093,40
56,2577469,20
57,764099,20
58,2207500,40
59,2604811,10
60,1220083,20
61,3131835,9999
62,3554208,30
63,2099006,10
64,128484,20
65,2273568,20
66,299370,30
67,4465684,30
68,2384661,10
69,1324822,20
70,3449888,9999
71,1531380,20
72,2781718,30
73,2381526,10
74,2100156,20
75,1209182,20
76,766698,20
77,3524366,20
78,1118396,20
79,492823,10
80,3333400,9999
81,2837502,30
82,762321,30
83,3518136,5
84,2241663,5
85,1917349,20
86,705820,10
87,2596485,10
88,3847594,9999
89,2985128,9999
90,888069,5
91,1914565,20
92,3164183,9999
93,3313366,9999
94,2094858,10
95,1662172,10
96,3211193,5
97,3510910,30
98,250875,10
99,3367477,9999
100,1129961,30
101,1374729,5
102,3400058,20
103,2294846,10
104,1028141,10
105,796966,20
106,3672400,10
107,517045,20
108,410548,20
109,2144658,20
110,1675434,9999
111,2370876,50
112,4229149,9999
113,2701658,20
114,966268,90
115,2446386,20
116,2577613,20
117,2753581,20
118,283784,90
119,1280037,9999
120,1013883,20
121,469200,20
122,3588934,10
123,2030010,20
124,590547,10
125,1532781,20
126,2223858,5
127,2234364,20
128,2733007,20
129,1953810,20
130,1882282,10
131,2813270,20
132,2110681,20
133,2516992,30
134,2135035,10
135,445380,20
136,2319797,10
137,250658,20
138,1983964,20
139,3969435,10
140,2858808,30
141,2981350,10
142,2927334,10
143,839459,20
144,3820738,20
145,4141696,30
146,3716474,9999
147,2818200,20
148,1038053,30
149,280405,10
150,2071766,20
151,2408882,30
152,3625563,30
153,288465,20
154,2979888,20
155,3798880,10
156,1457824,10
157,964445,20
158,4305554,9999
159,1238173,10
160,4070051,20
161,2874336,9999
162,1372901,10
163,1485202,5
164,2092109,10
165,3967283,30
166,472572,20
167,2686106,30
168,635321,10
169,2459726,20
170,269688,20
171,2320897,40
172,2783436,30
173,286379,10
174,2386959,9999
175,3741612,20
176,3482373,10
177,2280346,9999
178,4304083,20
179,4476587,9999
180,470373,30
181,2374819,30
182,3182805,20
183,1387238,40
184,3511442,9999
185,801918,50
186,2691440,10
187,3112400,9999
188,1583688,10
189,1378663,10
190,709205,20
191,2337981,10
192,1342637,60
193,1844259,30
194,1498349,40
195,317160,20
196,883465,9999
197,4447665,9999
198,4483494,20
199,2500217,20
200,3173955,10
201,2730596,20
202,2676997,20
203,1168041,10
204,1517772,20
205,3164639,10
206,1531640,10
207,1645807,50
208,255972,10
209,4468608,9999
210,904710,50
211,1745548,90
212,655561,30
213,3580094,30
214,2210752,60
215,2462564,90
216,3043556,9999
217,991852,20
218,4509995,20
219,1177025,60
220,676714,5
221,1634786,20
222,1267420,20
223,3726328,10
224,1774700,40
225,1015582,20
226,803708,20
227,1497004,20
228,1891601,30
229,368085,5
230,3816763,20
231,4145246,9999
232,1221169,10
233,456646,50
234,1961367,30
235,2169018,30
236,1231493,10
237,1369863,30
238,3735292,9999
239,1385747,20
240,1571009,10
241,2277116,10
242,2432053,9999
243,3758608,10
244,1987008,10
245,4293933,20
246,4083307,9999
247,656967,20
248,567296,20
249,2162341,20
250,1463356,10
251,2604169,10
252,2774559,40
253,2912739,20
254,2281453,40
255,2438761,20
256,2702760,20
257,486661,10
258,1520786,10
259,2542619,30
260,2613643,9999
261,2154459,10
262,2334895,10
263,439074,9999
264,2409529,9999
265,407825,10
266,3441606,50
267,1874138,20
268,3449666,9999
269,3644363,60
270,1682577,10
271,3648593,20
272,4221847,20
273,3600247,10
274,933619,20
275,1947243,40
276,1995166,20
277,2263006,9999
278,2662079,20
279,2410071,20
280,1429446,20
281,2357791,20
282,2050001,20
283,1882191,20
284,3646077,20
285,258317,30
286,1941397,20
287,3779513,10
288,2576080,20
289,3842597,9999
290,2618263,20
291,2414177,20
292,4487212,9999
293,4439646,9999
294,242171,10
295,3809341,9999
296,2068746,9999
297,1178684,5
298,3970100,10
299,3558657,20
300,2630898,9999
301,1147082,20
302,3740916,9999
303,2730216,120
304,1668050,30
305,4036298,9999
306,2326056,10
307,524573,30
308,546565,10
309,3623989,9999
310,2990193,20
311,3846995,9999
312,1370245,30
313,1877939,30
314,3807563,10
315,2694654,20
316,1683331,40
317,2715271,10
318,2051217,20
319,500305,20
320,2548490,10
321,903352,20
322,1667576,30
323,4179692,30
324,3138442,20
325,2194829,10
326,1886490,10
327,2175996,10
328,1400269,30
329,4461311,9999
330,259947,20
331,3900081,50
332,2393472,20
333,1458933,30
334,3116834,30
335,4504807,20
336,4498313,10
337,2552455,9999
338,3189394,20
339,2560877,20
340,2783284,10
341,873345,20
342,675227,20
343,3498965,5
344,1825394,30
345,1613210,40
346,4326039,20
347,3886603,10
348,4073309,10
349,1343381,20
350,1499305,20
351,363186,20
352,1367324,30
353,3375112,9999
354,1333083,20
355,4117280,9999
356,1340954,10
357,1474333,9999
358,856772,10
359,433459,20
360,1932949,20
361,2223907,30
362,4147471,9999
363,3255279,20
364,4413370,10
365,2267659,10
366,582075,10
367,1609888,10
368,360745,60
369,1587995,10
370,775329,20
371,1940230,60
372,2620945,9999
373,3416342,20
374,3317915,20
375,297698,30
376,3792486,5
377,1106691,20
378,2392243,50
379,2322609,9999
380,4419403,20
381,2643616,40
382,4377124,30
383,1965345,30
384,1977378,9999
385,2656101,9999
386,3903662,20
387,340598,30
388,2670463,10
389,3540181,20
390,1517601,20
391,2611520,10
392,1742983,20
393,2113776,30
394,3872290,9999
395,3864714,60
396,3332837,10
397,941228,20
398,1710420,20
399,4201706,30
400,1981781,30
401,2161330,10
402,4463863,9999
403,950593,20
404,4096308,9999
405,1441180,20
406,4333450,9999
407,3478009,20
408,1396673,10
409,3970570,30
410,1204883,20
411,678842,30
412,2728186,9999
413,1240548,40
414,2150247,20
415,2272363,20
416,1534198,5
417,475014,20
418,784404,20
419,1739167,20
420,2389419,9999
421,2640186,10
422,2392740,40
423,2646547,9999
424,4151622,20
425,416886,9999
426,1042357,20
427,2972636,10
428,415253,50
429,1519259,40
430,3005204,50
431,4352440,9999
432,2304812,40
433,3463716,30
434,2219011,30
435,1509873,10
436,2088031,10
437,2921487,30
438,1928406,20
439,4337110,9999
440,3361813,5
441,749207,50
442,187008,20
443,2503362,20
444,715590,10
445,3676766,9999
446,512532,20
447,1105382,20
448,3351637,20
449,4485537,30
450,2066040,10
451,755859,30
452,1431105,30
453,426071,20
454,347709,40
455,2689142,10
456,1516114,10
457,1753795,10
458,2065379,20
459,433336,20
460,2178783,20
461,893557,20
462,599910,20
463,660930,10
464,2844061,10
465,1873331,30
466,3813238,30
467,336426,5
468,3969205,10
469,1182403,20
470,2369476,9999
471,1720487,5
472,1574102,20
473,307394,30
474,1217217,10
475,678395,30
476,871552,10
477,2493551,20
478,1958616,20
479,1996510,30
480,3544402,10
481,1045144,20
482,3261874,20
483,1610001,9999
484,2351258,40
485,2064143,20
486,2389570,10
487,2783343,30
488,270763,10
489,3304600,9999
490,3525054,9999
491,1145363,60
492,527083,20
493,4327079,10
494,2260958,20
495,1912887,20
496,2651168,20
497,1497399,20
498,2466985,30
499,2210359,10
500,3813306,9999
501,2427123,10
502,3835234,9999
503,3785050,50
504,1375231,10
505,2907576,20
506,599711,10
507,2462180,10
508,3986625,9999
509,608687,5
510,3553390,20
511,3257911,20
512,2724998,9999
513,1904791,10
514,4002159,20
515,4314488,9999
516,1211479,20
517,2528225,20
518,337974,30
519,803991,30
520,2327466,20
521,4132662,9999
522,2581858,20
523,3493755,9999
524,935692,20
525,451160,30
526,2429613,30
527,332275,10
528,2067554,30
529,3527317,20
530,543546,20
531,880838,20
532,1123731,10
533,1438888,30
534,466090,30
535,2229433,30
536,2792293,20
537,1333406,20
538,867500,10
539,1104012,9999
540,2095678,9999
541,1883519,20
542,2862606,10
543,3278478,10
544,2142597,20
545,2653417,10
546,3468822,9999
547,4042194,5
548,401512,10
549,2799430,9999
550,989097,10
551,4408443,9999
552,1489000,20
553,3218445,9999
554,1855110,20
555,824318,10
556,2291633,9999
557,2455898,20
558,1338899,20
559,521403,10
560,1312121,10
561,30492,30
562,3566162,9999
563,2857227,50
564,1288348,30
565,2014650,20
566,1639287,10
567,1103542,30
568,1258545,40
569,2492403,9999
570,3740672,30
571,1873864,60
572,1164185,10
573,2227712,20
574,2631552,9999
575,1326491,20
576,1304333,20
577,4287340,9999
578,4082275,20
579,1191350,9999
580,3511663,20
581,2703468,10
582,2252491,10
583,1820786,20
584,3465355,5
585,2285559,40
586,1407261,50
587,1056953,40
588,2498632,20
589,1614957,30
590,3523179,40
591,2483750,9999
592,759401,30
593,3411690,30
594,1120330,10
595,1139111,5
596,518369,50
597,2444677,5
598,3522338,30
599,1867523,20
600,1042678,10
601,3476742,9999
602,2420189,30
603,854558,20
604,3234438,5
605,2280833,5
606,477013,10
607,2093978,10
608,2683488,10
609,1988563,30
610,2471305,20
611,449792,10
612,1991742,20
613,4040107,20
614,4389591,9999
615,1521123,5
616,3514965,20
617,2763697,9999
618,2534928,9999
619,2524181,20
620,3138337,10
621,2858306,20
622,4073688,30
623,2314828,20
624,3439495,9999
625,333219,9999
626,4442241,9999
627,1247521,30
628,4048166,20
629,3925842,20
630,821770,30
631,1119660,9999
632,665932,20
633,2543814,20
634,1325068,20
635,3521779,9999
636,2437564,10
637,2769761,20
638,820161,10
639,3177777,9999
640,1318346,9999
641,3752926,30
642,2613249,5
643,3624191,9999
644,4251836,20
645,1210101,20
646,731918,9999
647,2570362,20
648,2316547,20
649,2377054,30
650,3926628,20
651,1999666,30
652,2821674,40
653,1210382,20
654,4115044,90
655,3651212,9999
656,1410321,30
657,3430066,20
658,2199200,20
659,2567274,10
660,246353,20
661,2180021,20
662,2268610,20
663,1931535,50
664,1598525,40
665,3484896,10
666,2382794,9999
667,3763847,20
668,3644155,20
669,877669,10
670,3837567,20
671,2304346,10
672,2493244,20
673,646478,20
674,1206313,20
675,1668231,10
676,2718858,20
677,2635793,20
678,2830874,60
679,923881,20
680,2480346,9999
681,3293098,10
682,3178969,9999
683,4195796,20
684,4074818,9999
685,3027319,20
686,2699745,30
687,4140726,10
688,4031854,20
689,2555978,9999
690,477679,60
691,3862710,9999
692,2164518,20
693,2213470,40
694,2083611,10
695,1595710,10
696,1500917,20
697,3943513,30
698,918051,30
699,26402,30
700,3044908,20
701,2007138,10
702,2843770,20
703,1250524,20
704,460780,20
705,1579971,40
706,3133604,9999
707,3652613,10
708,287477,10
709,4400137,9999
710,2161219,5
711,2059057,20
712,2277232,10
713,2841188,9999
714,2880481,120
715,2742535,30
716,2276835,50
717,3345435,20
718,1438866,10
719,1071334,20
720,1374860,20
721,2318518,10
722,258025,50
723,1016823,10
724,3961862,9999
725,1099229,20
726,3445127,20
727,290074,20
728,513565,30
729,3539534,10
730,1484625,9999
731,2689883,30
732,4453693,30
733,1935864,20
734,1029233,10
735,3434121,20
736,676575,10
737,2472210,20
738,3216159,9999
739,973159,30
740,2492414,20
741,3147103,10
742,329592,20
743,514131,20
744,798373,30
745,2260959,9999
746,1965811,9999
747,1268760,30
748,4341304,9999
749,579952,20
750,3024962,20
751,2241707,30
752,3546347,5
753,2585322,20
754,410705,20
755,588101,20
756,1943535,20
757,2436226,5
758,4329089,60
759,2300485,30
760,1943866,30
761,311685,40
762,2408724,30
763,4203700,9999
764,2493897,10
765,3476610,10
766,2543697,10
767,2848468,20
768,1726250,9999
769,1444839,20
770,1866630,10
771,1106215,10
772,4115052,9999
773,4503642,9999
774,1785466,20
775,3985264,20
776,2810703,50
777,2019537,120
778,2236840,10
779,4350796,9999
780,3349787,10
781,2034249,30
782,688292,20
783,4375572,9999
784,3250294,10
785,1915569,20
786,826037,20
787,1577390,10
788,1507092,20
789,2736658,20
790,3814006,9999
791,4216980,10
792,2855108,9999
793,4180054,5
794,1325140,50
795,2490393,30
796,390013,20
797,925129,40
798,445677,20
799,444965,10
800,843072,20
801,865510,9999
802,4260740,9999
803,4370588,9999
804,1121721,20
805,2731172,10
806,2684321,20
807,1811633,5
808,690323,30
809,2850166,10
810,238167,20
811,3456232,20
812,4012898,30
813,4386521,20
814,2680677,10
815,4161368,30
816,2492984,9999
817,2064139,10
818,361285,20
819,2976623,9999
820,1239082,20
821,3169246,20
822,3886993,20
823,1892688,20
824,3199911,20
825,89446,20
826,459746,40
827,541917,30
828,672721,50
829,4080361,30
830,2274170,30
831,357163,20
832,3870740,10
833,2483854,20
834,3792242,9999
835,1742428,30
836,2241402,40
837,1366349,20
838,2412539,10
839,893014,9999
840,3223329,20
841,2553711,10
842,1099602,10
843,4026885,9999
844,2374992,10
845,1571090,30
846,1371463,30
847,257578,30
848,779576,30
849,1123527,20
850,651954,20
851,388462,30
852,899663,10
853,853875,10
854,338028,40
855,2007285,20
856,2291833,10
857,1418414,40
858,474868,30
859,970962,30
860,2092094,10
861,2892982,20
862,1059760,20
863,1283342,30
864,2473745,20
865,1183747,20
866,2024859,10
867,1825004,10
868,434775,30
869,1094533,20
870,1552359,30
871,1418382,5
872,1824496,40
873,2553642,9999
874,1365573,20
875,1265611,30
876,2087445,20
877,2604666,20
878,2768625,20
879,3487280,90
880,578800,10
881,4192244,10
882,2589854,30
883,2025527,20
884,4021205,9999
885,709662,20
886,2983634,10
887,1011372,20
888,2183271,10
889,1222375,20
890,2932896,20
891,2339802,20
892,377740,10
893,3489621,10
894,2484796,5
895,3893729,9999
896,2586099,20
897,1757954,20
898,1442200,30
899,550214,40
900,2074656,10
901,2571508,20
902,2358279,9999
903,2084814,20
904,1359332,10
905,2655147,30
906,2379174,9999
907,3945668,9999
908,4424452,30
909,1475935,9999
910,2061141,40
911,1291328,20
912,1518234,10
913,1753852,10
914,277619,20
915,2412128,5
916,354831,20
917,387406,10
918,765451,10
919,216920,30
920,325421,10
921,1264407,10
922,1370376,40
923,2541782,20
924,4030506,9999
925,2100049,20
926,647642,20
927,2050866,10
928,251052,20
929,470256,10
930,2326759,50
931,1472966,20
932,2815429,10
933,1034968,10
934,3897013,20
935,4437435,9999
936,2087520,10
937,2929653,10
938,1384403,10
939,1572720,10
940,383824,10
941,1602477,30
942,1715480,20
943,2642163,10
944,2472318,30
945,1872393,20
946,3962215,20
947,2319578,20
948,1641150,10
949,4134650,9999
950,1894506,20
951,1137047,10
952,4030571,10
953,3012630,20
954,4324567,30
955,1173499,10
956,2804473,10
957,4510218,9999
958,2789493,20
959,3912394,20
960,1040832,120
961,2878752,20
962,2149378,40
963,1087915,20
964,1465942,10
965,2431146,20
966,3428636,9999
967,3826116,10
968,1097503,120
969,959793,20
970,845128,20
971,4216148,9999
972,4274627,9999
973,3737083,5
974,2386299,50
975,4524985,9999
976,3086267,10
977,2809580,60
978,1440837,20
979,4443373,9999
980,1001755,30
981,2319939,20
982,4038053,20
983,2150732,20
984,2058060,30
985,360158,20
986,2830252,30
987,1900376,10
988,2216042,10
989,3093989,20
990,4470385,9999
991,2267678,20
992,2832146,9999
993,4243016,9999
994,384573,10
995,3463263,20
996,2190703,60
997,1488535,20
998,2417865,9999
999,2102238,20
1000,389654,30
1001,1307457,9999
1002,1066111,9999
1003,1056732,10
1004,1245229,10
1005,1127840,10
1006,2774688,10
1007,535908,20
1008,4408767,9999
1009,2104529,10
1010,3893436,9999
1011,51030,10
1012,3855300,9999
1013,2113346,30
1014,4503619,9999
1015,1379474,20
1016,2354450,10
1017,3740669,40
1018,3978659,9999
1019,2779405,30
1020,2204593,20
1021,2404530,20
1022,493862,20
1023,353012,50
1024,3444805,9999
1025,4507965,20
1026,2379841,10
1027,2776820,20
1028,3242071,9999
1029,3947663,9999
1030,152534,20
1031,3981155,9999
1032,1909792,20
1033,4151592,9999
1034,1515963,20
1035,1653655,10
1036,2352642,20
1037,434201,10
1038,2351982,40
1039,3866749,20
1040,2218226,9999
1041,3620035,9999
1042,4294961,30
1043,178130,20
1044,1082740,30
1045,2445303,10
1046,1710440,20
1047,3466562,9999
1048,2820182,9999
1049,1573127,20
1050,2366126,20
1051,196454,20
1052,3379278,10
1053,923659,20
1054,3231271,20
1055,3455193,9999
1056,1070342,20
1057,2320603,10
1058,169849,10
1059,626330,20
1060,466249,20
1061,2404834,20
1062,3182941,9999
1063,2495670,20
1064,2696042,20
1065,2731105,10
1066,4370455,10
1067,2454953,10
1068,3179773,9999
1069,1003816,20
1070,2156131,20
1071,3023602,20
1072,2178063,20
1073,3247674,50
1074,3690097,20
1075,150948,20
1076,2304999,10
1077,1522651,20
1078,795408,30
1079,1271058,9999
1080,3094098,20
1081,4170627,20
1082,1943493,90
1083,3789992,9999
1084,3299437,9999
1085,2452686,9999
1086,2725644,9999
1087,1051464,20
1088,3660892,30
1089,2248678,9999
1090,2086219,20
1091,4524950,20
1092,1715052,20
1093,2928490,10
1094,3113284,20
1095,2015975,20
1096,2077349,9999
1097,1650393,30
1098,4294737,9999
1099,4435936,9999
1100,1176530,50
1101,486089,10
1102,2137635,20
1103,4066669,9999
1104,191240,30
1105,2464022,10
1106,2348776,5
1107,1004214,20
1108,1382739,20
1109,4496879,20
1110,2892023,10
1111,4177033,20
1112,1428846,10
1113,3698960,20
1114,3736610,9999
1115,3240963,20
1116,1616635,20
1117,1424023,20
1118,2432707,40
1119,3792219,10
1120,1371204,30
1121,295344,20
1122,1652316,30
1123,1627216,20
1124,2015867,20
1125,3448277,9999
1126,2352843,10
1127,2204012,40
1128,2274310,10
1129,1955357,10
1130,998166,20
1131,453828,20
1132,1611324,20
1133,4529289,50
1134,428520,10
1135,1407128,20
1136,1884880,10
1137,1137092,40
1138,2108988,20
1139,2900154,9999
1140,4267748,9999
1141,1080585,30
1142,2372149,9999
1143,1944950,10
1144,2819914,60
1145,2550832,40
1146,2588530,20
1147,1692632,30
1148,3808584,20
1149,2628085,20
1150,1616377,20
1151,2265297,50
1152,396466,20
1153,2070208,60
1154,2007765,10
1155,3535219,9999
1156,3254561,9999
1157,1716853,20
1158,1995736,20
1159,1367387,30
1160,4209638,9999
1161,2833690,30
1162,1315112,30
1163,2103852,20
1164,1603933,20
1165,318191,10
1166,2856505,10
1167,1021377,10
1168,4216758,9999
1169,1306051,10
1170,3925618,20
1171,718839,90
1172,2753129,10
1173,2607416,10
1174,2361266,20
1175,488890,30
1176,1924347,40
1177,424515,20
1178,4417386,9999
1179,1050058,60
1180,2313335,40
1181,839225,10
1182,1868862,20
1183,1807196,30
1184,3238206,20
1185,3671954,9999
1186,4094768,9999
1187,1370141,30
1188,4478371,10
1189,1638233,30
1190,859062,20
1191,4003817,9999
1192,2206310,20
1193,2518165,10
1194,291192,20
1195,2325342,10
1196,4064183,10
1197,410676,20
1198,348633,20
1199,1373628,9999
1200,2021354,20
1201,3137149,20
1202,529229,30
1203,4373243,9999
1204,2161782,50
1205,3388938,20
1206,4230810,9999
1207,3540134,10
1208,3818603,20
1209,2340096,10
1210,1306006,20
1211,2459176,10
1212,2521875,10
1213,1340236,20
1214,1769365,60
1215,106580,40
1216,422183,10
1217,3596252,60
1218,4520905,9999
1219,3023815,20
1220,3606644,20
1221,3320780,20
1222,3185705,9999
1223,535898,20
1224,128597,20
1225,2424153,9999
1226,105343,20
1227,1948461,10
1228,2486174,20
1229,3321191,30
1230,1992374,10
1231,434811,40
1232,3627660,9999
1233,2297816,9999
1234,1471995,20
1235,851540,20
1236,2790276,20
1237,2197140,20
1238,4218087,20
1239,240589,20
1240,1629926,20
1241,556289,30
1242,2863866,20
1243,1388637,30
1244,2337282,30
1245,210728,20
1246,2961390,20
1247,2460562,30
1248,3780232,9999
1249,1517715,20
1250,2167870,10
1251,1655533,20
1252,1975601,30
1253,1699608,20
1254,638348,5
1255,3497680,20
1256,3107370,10
1257,2620693,10
1258,1882508,30
1259,2646445,30
1260,301483,10
1261,3761806,9999
1262,639559,9999
1263,1177279,5
1264,381886,20
1265,3422498,9999
1266,1119165,20
1267,1492689,20
1268,2230911,10
1269,2948760,20
1270,510374,10
1271,258761,10
1272,4082033,40
1273,442265,90
1274,2584220,20
1275,2364487,20
1276,279315,10
1277,4430103,9999
1278,2086592,20
1279,2839668,20
1280,1977450,30
1281,2237104,9999
1282,4015073,20
1283,1973940,20
1284,1004209,10
1285,643939,20
1286,3868336,9999
1287,2259218,20
1288,4099413,9999
1289,1673682,40
1290,2226650,30
1291,3027277,10
1292,2062290,10
1293,890107,20
1294,1590305,20
1295,942140,20
1296,1022803,20
1297,395938,20
1298,2231341,20
1299,1186391,20
1300,3306251,20
1301,3123382,9999
1302,4028166,20
1303,3695027,9999
1304,1365124,60
1305,3661660,9999
1306,313406,30
1307,1360263,9999
1308,483691,20
1309,3553251,30
1310,2138973,20
1311,1105404,20
1312,1369412,20
1313,2155110,10
1314,4369079,10
1315,569579,20
1316,2299854,20
1317,2651011,20
1318,4199663,9999
1319,4323840,9999
1320,1993240,10
1321,2373196,10
1322,2142905,20
1323,4459427,20
1324,3103558,9999
1325,625311,10
1326,3367484,20
1327,3579086,9999
1328,969247,30
1329,539222,30
1330,2005250,20
1331,4276778,20
1332,2642778,20
1333,2597637,20
1334,4052540,9999
1335,2375238,20
1336,2712838,30
1337,3323109,20
1338,208581,20
1339,2515930,20
1340,2887441,30
1341,2002700,10
1342,4504143,20
1343,1933889,10
1344,873617,30
1345,2250214,20
1346,1606813,20
1347,761907,20
1348,292873,30
1349,485753,20
1350,457026,20
1351,4400777,20
1352,3637850,9999
1353,1745305,10
1354,816652,20
1355,3241441,20
1356,2550839,20
1357,2297626,60
1358,2783693,20
1359,2259520,20
1360,2461155,9999
1361,1473632,10
1362,2611160,20
1363,734674,20
1364,1037178,20
1365,4086318,9999
1366,937514,20
1367,2236754,20
1368,1069282,20
1369,1234930,30
1370,1720985,20
1371,2516023,20
1372,1471176,9999
1373,1412458,20
1374,3269351,10
1375,2474838,20
1376,1131771,40
1377,766112,20
1378,2549874,20
1379,308030,20
1380,1879782,40
1381,774085,20
1382,682067,20
1383,4021582,9999
1384,525217,20
1385,1219258,20
1386,2082085,20
1387,429855,20
1388,4326642,10
1389,3003417,20
1390,1285950,30
1391,529849,20
1392,1673944,9999
1393,2233297,30
1394,3611523,5
1395,2778233,20
1396,1341590,10
1397,2547217,10
1398,2775544,20
1399,1415519,5
1400,4042297,9999
1401,2979882,10
1402,1871473,20
1403,3491257,30
1404,382750,30
1405,4088701,10
1406,2100234,10
1407,2849086,30
1408,3816895,9999
1409,1574942,30
1410,2399274,10
1411,434226,20
1412,4389145,9999
1413,1356469,20
1414,223956,30
1415,294270,10
1416,3582125,9999
1417,2262918,20
1418,290663,5
1419,323337,10
1420,1017576,120
1421,1282515,30
1422,1427604,10
1423,2227954,20
1424,2669469,10
1425,2132650,20
1426,1288548,20
1427,405783,20
1428,4295855,9999
1429,1204780,5
1430,390716,30
1431,2651752,30
1432,2319070,10
1433,1266846,20
1434,2369688,20
1435,131380,20
1436,389864,20
1437,2612330,20
1438,1781588,10
1439,4090063,20
1440,2978641,30
1441,3138848,40
1442,3461994,9999
1443,628775,20
1444,743159,20
1445,4277780,20
1446,2225338,20
1447,2945580,10
1448,705693,20
1449,3801444,9999
1450,398799,10
1451,2804897,30
1452,4384649,9999
1453,276062,10
1454,262021,30
1455,485143,20
1456,1118430,90
1457,386504,20
1458,2988229,10
1459,1984550,10
1460,2437575,10
1461,777390,20
1462,366615,20
1463,2637707,20
1464,1019456,20
1465,3051920,10
1466,4363767,9999
1467,252478,9999
1468,1697047,20
1469,337837,20
1470,3741566,50
1471,1251631,20
1472,4448488,9999
1473,4137523,30
1474,2494178,20
1475,931268,30
1476,1096421,90
1477,2796813,20
1478,540415,20
1479,2097585,10
1480,2654442,20
1481,2211260,30
1482,1977256,5
1483,2576835,30
1484,549634,20
1485,2095941,30
1486,1623225,40
1487,2060444,30
1488,2497538,20
1489,2841025,9999
1490,469363,20
1491,4072932,20
1492,2790302,9999
1493,2080539,20
1494,2897713,20
1495,2476487,20
1496,1871799,5
1497,2367442,40
1498,2972098,9999
1499,1494858,5
1500,4132058,30
1501,3510577,20
1502,1690385,30
1503,485401,40
1504,2939530,10
1505,3540369,30
1506,2061039,10
1507,1231525,30
1508,1325604,30
1509,1790272,10
1510,741430,20
1511,1729049,5
1512,4041878,40
1513,3971873,120
1514,1320810,5
1515,1892877,10
1516,2462651,9999
1517,1192653,40
1518,2766217,60
1519,4109522,9999
1520,352864,20
1521,1229953,90
1522,4004072,5
1523,2545210,20
1524,2219216,10
1525,1093320,20
1526,2448740,9999
1527,4416508,20
1528,2422366,9999
1529,3504467,20
1530,1644477,30
1531,2989880,20
1532,2021324,30
1533,4433703,20
1534,2064387,120
1535,3113489,20
1536,2967326,30
1537,4499744,9999
1538,3006013,10
1539,951605,20
1540,3234605,10
1541,2209304,40
1542,2809925,20
1543,837565,30
1544,4021384,9999
1545,3654914,50
1546,1011359,20
1547,1312873,20
1548,4324079,9999
1549,2874146,20
1550,4148829,9999
1551,3149858,20
1552,3450676,20
1553,667772,20
1554,2474382,10
1555,1035743,20
1556,969142,10
1557,2223583,20
1558,3828416,10
1559,635782,20
1560,2711054,30
1561,2368349,9999
1562,2571061,20
1563,935006,20
1564,2091369,9999
1565,1461009,30
1566,743266,30
1567,1069312,20
1568,2608951,10
1569,4241831,9999
1570,1370166,20
1571,1147088,10
1572,1161010,20
1573,4200994,20
1574,1866508,10
1575,1081825,20
1576,364794,30
1577,2485952,90
1578,2113402,10
1579,276146,20
1580,755280,50
1581,2442802,9999
1582,250424,30
1583,3422752,20
1584,3940524,9999
1585,2096064,20
1586,2110384,20
1587,1383569,40
1588,1597589,10
1589,373163,20
1590,1707707,10
1591,2715060,9999
1592,302889,20
1593,1266718,20
1594,2028125,50
1595,471765,9999
1596,3520118,10
1597,1064412,20
1598,601750,50
1599,425138,20
1600,1552186,60
1601,852804,20
1602,1320830,20
1603,2301134,30
1604,4424770,9999
1605,1588943,10
1606,2754346,30
1607,1287424,10
1608,645674,5
1609,473922,20
1610,1636011,10
1611,2111346,10
1612,1212265,20
1613,1203024,20
1614,4310101,9999
1615,2228584,10
1616,2025081,9999
1617,432868,10
1618,507844,20
1619,3990515,20
1620,2344197,60
1621,2735897,10
1622,2428209,40
1623,2975696,10
1624,2318084,20
1625,4280948,9999
1626,2263352,20
1627,275697,20
1628,2537764,20
1629,1010211,20
1630,2684107,9999
1631,2175379,20
1632,2548639,30
1633,3839732,20
1634,2221571,10
1635,1109217,20
1636,2518861,9999
1637,987001,5
1638,81084,60
1639,1636695,20
1640,3922709,20
1641,3499016,9999
1642,1635543,30
1643,4051730,10
1644,1361242,40
1645,4390796,9999
1646,979532,20
1647,2664095,10
1648,1187426,30
1649,1427130,20
1650,2429674,10
1651,4004005,20
1652,1954557,30
1653,453090,20
1654,2113793,20
1655,2640933,20
1656,4056626,9999
1657,462667,20
1658,587553,20
1659,2473467,30
1660,322212,20
1661,3573604,20
1662,3687503,30
1663,4209916,9999
1664,4271727,9999
1665,2189227,30
1666,3186529,10
1667,4185565,9999
1668,2635425,10
1669,3708092,30
1670,2723369,10
1671,1467554,20
1672,849136,10
1673,4426833,9999
1674,1741433,10
1675,2418703,20
1676,2266845,10
1677,924764,9999
1678,1281677,20
1679,1749900,9999
1680,845115,10
1681,2234335,10
1682,2143748,10
1683,2963611,20
1684,404274,30
1685,3488611,10
1686,2509765,20
1687,4354121,10
1688,1306693,10
1689,2732352,20
1690,2324112,20
1691,1204466,20
1692,1762216,20
1693,2378685,20
1694,3950070,9999
1695,488478,30
1696,3972228,20
1697,2762665,30
1698,2032640,10
1699,4491179,9999
1700,1925951,10
1701,489639,9999
1702,2189374,20
1703,1266923,30
1704,428931,20
1705,3686754,30
1706,1897602,10
1707,2635599,30
1708,2767871,10
1709,1684098,30
1710,243530,30
1711,685038,10
1712,4064604,30
1713,2667210,10
1714,3171104,9999
1715,541048,20
1716,2419515,9999
1717,857485,20
1718,2107457,20
1719,887637,20
1720,337397,20
1721,1102949,60
1722,1177849,30
1723,1509438,30
1724,326139,20
1725,2345006,30
1726,2435495,20
1727,1720462,20
1728,1251187,20
1729,690902,10
1730,1515732,30
1731,1668257,10
1732,2385934,20
1733,248794,10
1734,400519,20
1735,1679446,40
1736,3672451,40
1737,1715055,20
1738,1608155,20
1739,3994956,9999
1740,2473076,10
1741,2327440,40
1742,2310733,30
1743,1043848,10
1744,239638,30
1745,468694,20
1746,3606655,20
1747,3776635,20
1748,1041526,20
1749,721704,30
1750,229268,30
1751,2042450,30
1752,523619,20
1753,2371871,30
1754,1570999,10
1755,2135048,20
1756,4455127,5
1757,2208763,10
1758,4441867,9999
1759,3143235,20
1760,2956089,10
1761,1288883,10
1762,2764908,10
1763,830039,10
1764,291510,30
1765,1389559,20
1766,3458030,9999
1767,2269765,10
1768,2692513,20
1769,2481008,30
1770,105450,20
1771,820469,9999
1772,2627072,20
1773,1651907,10
1774,2889869,9999
1775,3883935,20
1776,1713816,10
1777,4115059,9999
1778,697479,20
1779,3399928,10
1780,3778650,30
1781,1139048,10
1782,2832229,9999
1783,2510641,20
1784,1283324,20
1785,1283774,10
1786,2721856,20
1787,356217,30
1788,2213528,20
1789,3491918,30
1790,2670668,10
1791,583654,20
1792,2261752,30
1793,2310820,20
1794,874633,10
1795,4487740,9999
1796,1307915,9999
1797,3311633,30
1798,2378241,20
1799,808142,9999
1800,1311068,40
1801,571128,20
1802,2741312,60
1803,2264803,30
1804,1123384,20
1805,2985786,20
1806,333878,20
1807,2742247,20
1808,3914969,9999
1809,924436,30
1810,1264573,20
1811,388687,30
1812,2744393,10
1813,2325451,20
1814,1192219,10
1815,3752203,9999
1816,4121044,9999
1817,3689966,9999
1818,3452256,20
1819,1169251,20
1820,2003166,20
1821,2542936,30
1822,3648096,40
1823,4162426,9999
1824,2272742,9999
1825,438049,10
1826,2705689,5
1827,1262448,10
1828,478138,5
1829,1267575,20
1830,2786736,20
1831,2404258,10
1832,4061312,9999
1833,2783888,9999
1834,1906163,50
1835,221818,30
1836,3300034,10
1837,4079688,9999
1838,4073285,10
1839,2299823,20
1840,1723018,5
1841,1184334,10
1842,329999,20
1843,2603096,20
1844,2709653,20
1845,3789254,9999
1846,2294987,20
1847,2284084,40
1848,818292,20
1849,2154263,20
1850,474232,30
1851,1411429,20
1852,1390105,10
1853,3610304,20
1854,1495642,30
1855,2582045,20
1856,1003807,30
1857,2900305,9999
1858,1959963,20
1859,1092213,40
1860,3323216,30
1861,2416662,10
1862,3690086,20
1863,195005,10
1864,347017,30
1865,817219,20
1866,4346433,20
1867,2067909,30
1868,395627,20
1869,4434567,30
1870,2616040,5
1871,4180931,20
1872,4475092,20
1873,992940,40
1874,2321146,20
1875,1696565,20
1876,3414532,9999
1877,3600646,30
1878,487308,20
1879,992043,20
1880,776348,120
1881,2056887,20
1882,1260967,30
1883,1445223,20
1884,2589873,20
1885,830613,50
1886,1999401,30
1887,1491482,10
1888,1010401,20
1889,387861,20
1890,3872937,9999
1891,3729218,20
1892,2405223,9999
1893,2523423,20
1894,2201693,20
1895,1219003,20
1896,543330,30
1897,2397820,9999
1898,3020602,10
1899,3124870,9999
1900,2924821,10
1901,240798,30
1902,1118702,20
1903,254671,20
1904,1241368,20
1905,1274026,90
1906,3351981,9999
1907,1928572,30
1908,2100311,20
1909,2395372,20
1910,4414996,9999
1911,3189537,20
1912,3287985,9999
1913,2032552,20
1914,2566253,9999
1915,1699412,10
1916,3871161,9999
1917,2521367,30
1918,614197,10
1919,2167693,40
1920,2357542,10
1921,3299077,20
1922,2033206,30
1923,831812,20
1924,2065718,10
1925,2050905,30
1926,4069959,30
1927,4144446,9999
1928,2059227,30
1929,2340053,10
1930,1360700,20
1931,1425177,20
1932,3780832,9999
1933,1256100,30
1934,3620619,9999
1935,1365851,20
1936,2433983,30
1937,3311331,9999
1938,297191,10
1939,301621,20
1940,2282628,20
1941,555525,20
1942,2544725,20
1943,4508383,9999
1944,1729697,10
1945,2767237,20
1946,3901855,20
1947,2489182,20
1948,2731904,30
1949,2845991,20
1950,3407061,20
1951,2403820,30
1952,1523904,10
1953,1491342,20
1954,2857390,20
1955,944365,20
1956,3236859,9999
1957,1274122,30
1958,4489925,9999
1959,3508799,9999
1960,301908,10
1961,2249805,10
1962,2882320,20
1963,2271883,9999
1964,327990,10
1965,2576584,20
1966,2261929,30
1967,1899236,10
1968,4461212,9999
1969,1748541,30
1970,4472081,20
1971,1524412,20
1972,1454188,20
1973,986555,20
1974,3682278,20
1975,560554,10
1976,2196852,20
1977,3872833,10
1978,1333724,60
1979,542075,20
1980,2302689,9999
1981,1374305,20
1982,996105,9999
1983,2926277,20
1984,1414515,10
1985,975204,10
1986,819247,30
1987,3605668,20
1988,545499,5
1989,3815324,20
1990,978820,20
1991,395667,20
1992,4097986,50
1993,2232761,9999
1994,2048359,5
1995,2586103,20
1996,937831,20
1997,4317885,9999
1998,1962235,30
1999,2543737,30
2000,2546535,9999
2001,2176217,20
2002,1092068,20
2003,3039065,10
2004,2930198,9999
2005,1449702,9999
2006,3980083,9999
2007,2652870,90
2008,2656130,10
2009,1207908,20
2010,2428818,20
2011,313431,60
2012,1517775,30
2013,3058960,20
2014,1773353,40
2015,4173631,20
2016,2145598,5
2017,2581557,20
2018,836380,20
2019,4382513,10
2020,1819272,20
2021,2840547,9999
2022,425857,30
2023,772170,10
2024,2563047,10
2025,4343299,9999
2026,2183187,20
2027,1446361,20
2028,3982728,9999
2029,2523659,10
2030,2631261,10
2031,2454955,30
2032,2902285,20
2033,2104714,30
2034,2793574,9999
2035,4134990,9999
2036,1642500,10
2037,831629,10
2038,2705149,10
2039,676800,10
2040,2137326,20
2041,3216485,20
2042,4281925,9999
2043,3058018,30
2044,1581276,20
2045,2420415,20
2046,1307257,30
2047,910902,120
2048,4337265,9999
2049,2594391,20
2050,2499291,20
2051,2269066,10
2052,1552607,20
2053,3254249,20
2054,2023512,30
2055,1064540,20
2056,2229802,20
2057,3167655,9999
2058,1143802,10
2059,1647283,20
2060,1358180,9999
2061,2425882,10
2062,3752941,30
2063,1460697,20
2064,1989314,10
2065,2817664,20
2066,1232851,10
2067,2055951,20
2068,2955325,10
2069,423151,20
2070,754890,20
2071,2304008,9999
2072,2271790,20
2073,1707710,20
2074,2503294,9999
2075,294787,20
2076,2371558,20
2077,2259891,20
2078,4105561,30
2079,1183188,20
2080,4381313,20
2081,1133891,20
2082,2327046,20
2083,2412163,50
2084,2206183,20
2085,949890,20
2086,3911357,20
2087,4326566,9999
2088,4121897,9999
2089,2147589,9999
2090,2473889,30
2091,2344991,20
2092,1093655,10
2093,2507516,20
2094,4222352,9999
2095,1255604,20
2096,2933632,10
2097,1678714,20
2098,1251647,20
2099,1102620,30
2100,3072332,20
2101,2602468,10
2102,2102603,10
2103,1689428,20
2104,2851546,20
2105,565541,20
2106,3655148,9999
2107,2399384,10
2108,1759002,40
2109,1383529,20
2110,1955428,10
2111,2727151,10
2112,2154825,20
2113,339330,40
2114,3172545,10
2115,3440568,20
2116,1391001,60
2117,2508175,30
2118,1057332,20
2119,3955789,20
2120,323402,30
2121,1286263,10
2122,2310323,20
2123,4377085,9999
2124,3200843,9999
2125,4092593,9999
2126,837544,30
2127,2439730,20
2128,2654834,20
2129,2531062,9999
2130,996884,20
2131,3196528,30
2132,540863,9999
2133,2024296,10
2134,3946625,20
2135,1906549,20
2136,3696893,20
2137,1247855,20
2138,2955671,20
2139,2991480,30
2140,3642361,9999
2141,302563,30
2142,3684007,30
2143,240472,10
2144,2618835,10
2145,4387402,20
2146,3610954,10
2147,674606,20
2148,2250126,20
2149,2260590,60
2150,2646736,20
2151,1651253,9999
2152,3972792,20
2153,531131,20
2154,3069616,30
2155,1604024,30
2156,3617053,20
2157,2521936,10
2158,821097,10
2159,1448484,20
2160,4519228,9999
2161,2460972,10
2162,1937613,20
2163,4252338,9999
2164,3216755,9999
2165,3869879,10
2166,2092476,30
2167,2633724,20
2168,1729711,20
2169,2419851,9999
2170,1181662,9999
2171,3401463,20
2172,1780879,10
2173,1496917,10
2174,4459168,9999
2175,2379484,20
2176,2302963,9999
2177,276002,10
2178,882834,20
2179,2016975,20
2180,2291028,20
2181,4358841,9999
2182,1513921,20
2183,4106475,9999
2184,2359462,10
2185,254523,10
2186,2475766,20
2187,753640,5
2188,3575155,120
2189,2056238,10
2190,3529338,5
2191,3146885,9999
2192,4039473,20
2193,3592149,9999
2194,1265512,9999
2195,1979988,20
2196,1878002,20
2197,2536441,10
2198,3693648,20
2199,1833115,20
2200,1390763,20
2201,2060238,20
2202,2943785,10
2203,2248023,10
2204,784655,30
2205,4391149,9999
2206,3151356,30
2207,246705,10
2208,2563661,10
2209,2669669,9999
2210,4409097,9999
2211,397181,10
2212,4188663,9999
2213,423219,10
2214,3552528,30
2215,2641600,10
2216,2126805,30
2217,333422,30
2218,2881054,30
2219,1980553,40
2220,3992765,20
2221,2681666,20
2222,248170,40
2223,920252,10
2224,2419467,20
2225,2521279,20
2226,4006367,30
2227,1978788,120
2228,3666219,20
2229,2213026,20
2230,630169,10
2231,1167891,20
2232,2482238,5
2233,1384327,9999
2234,4348477,20
2235,1024738,60
2236,309358,10
2237,23939,60
2238,830075,10
2239,2283873,40
2240,556539,20
2241,1929154,20
2242,243550,30
2243,2811440,10
2244,2279050,20
2245,1266105,20
2246,2864055,50
2247,1727810,40
2248,3496116,30
2249,874917,30
2250,261837,20
2251,958649,20
2252,1675901,20
2253,1055417,20
2254,1686929,10
2255,2107533,10
2256,1243461,40
2257,2397302,30
2258,2612809,10
2259,2090168,30
2260,607719,30
2261,3328416,9999
2262,3504470,9999
2263,614836,10
2264,2117163,10
2265,2625783,9999
2266,1714409,50
2267,2300987,10
2268,3701400,9999
2269,2902661,10
2270,577858,40
2271,3671030,9999
2272,2828042,30
2273,3407581,20
2274,298291,5
2275,1506353,10
2276,345089,20
2277,3863812,9999
2278,1231861,30
2279,1605603,30
2280,425733,20
2281,956704,10
2282,2589079,20
2283,3577762,30
2284,1022183,20
2285,3735276,9999
2286,1851007,30
2287,1709407,10
2288,1639629,10
2289,2463057,9999
2290,3211730,20
2291,638723,20
2292,2190820,10
2293,2287349,20
2294,2582320,9999
2295,422449,20
2296,1775376,20
2297,1142788,10
2298,1421600,30
2299,4132848,20
2300,1009512,50
2301,3086040,40
2302,2306941,30
2303,3049804,10
2304,709961,20
2305,1819442,9999
2306,2495416,120
2307,3936638,9999
2308,433063,20
2309,935504,9999
2310,4190029,20
2311,3025699,9999
2312,2568312,20
2313,985267,20
2314,1652275,50
2315,2400191,20
2316,3883892,30
2317,4361921,9999
2318,1552670,30
2319,2749451,9999
2320,1016521,30
2321,3765595,9999
2322,1498207,20
2323,2730821,20
2324,2868934,60
2325,1086532,30
2326,1697380,10
2327,4285911,9999
2328,109612,10
2329,2513060,20
2330,4466830,9999
2331,1929400,20
2332,1601302,10
2333,432609,40
2334,389664,30
2335,1969459,20
2336,2606923,10
2337,2145629,30
2338,1192957,20
2339,2191572,30
2340,3872686,9999
2341,1200490,20
2342,2978142,5
2343,545905,20
2344,1708113,20
2345,2703455,20
2346,1472649,10
2347,2005210,20
2348,227914,20
2349,89552,30
2350,4015571,9999
2351,4108922,9999
2352,4366909,30
2353,2316039,50
2354,2568105,10
2355,1163387,20
2356,3106576,9999
2357,1175253,30
2358,2883454,20
2359,2234553,40
2360,4292256,9999
2361,1979635,9999
2362,4367861,20
2363,1946176,20
2364,2798066,9999
2365,1881299,9999
2366,844498,20
2367,2780905,30
2368,366053,10
2369,2376854,30
2370,1399606,20
2371,4507386,9999
2372,1594994,10
2373,4322968,20
2374,1284478,10
2375,273758,10
2376,3079122,10
2377,739047,30
2378,3978014,5
2379,392585,20
2380,1401625,10
2381,4122472,9999
2382,1085918,10
2383,2462514,10
2384,2053974,20
2385,1405689,9999
2386,2531644,20
2387,2219780,5
2388,3354035,10
2389,1880826,40
2390,3556551,30
2391,254647,10
2392,3433363,20
2393,2001087,20
2394,4316076,5
2395,3293335,9999
2396,128026,10
2397,1090425,20
2398,1232365,30
2399,2611862,30
2400,949520,20
2401,1244019,10
2402,1231119,10
2403,213323,10
2404,1983484,20
2405,4128706,9999
2406,4168548,30
2407,3789234,10
2408,1371465,20
2409,3486301,9999
2410,1498817,5
2411,4444644,10
2412,1736145,20
2413,1368828,20
2414,2517275,9999
2415,483940,10
2416,357173,10
2417,3222744,9999
2418,1490461,20
2419,473352,30
2420,3218655,9999
2421,3559962,30
2422,3274574,9999
2423,1637123,10
2424,4472633,20
2425,2539632,60
2426,4406088,9999
2427,4268767,9999
2428,3348779,9999
2429,3310804,9999
2430,1733982,20
2431,1407071,20
2432,1949738,20
2433,892615,40
2434,1613305,20
2435,426934,20
2436,1596907,10
2437,2709330,5
2438,1332857,10
2439,2376950,9999
2440,4180785,9999
2441,4352797,9999
2442,3815129,20
2443,910109,20
2444,2234904,10
2445,901718,10
2446,3862444,20
2447,3273874,30
2448,4206617,9999
2449,423370,20
2450,959166,10
2451,2919693,30
2452,2452788,20
2453,2055273,10
2454,1753696,10
2455,935617,20
2456,2446661,20
2457,3105823,30
2458,2482644,20
2459,4214104,9999
2460,1359271,30
2461,252414,60
2462,4321578,9999
2463,2464897,30
2464,4099804,20
2465,2539370,20
2466,3704268,9999
2467,2558663,30
2468,1290929,20
2469,2264137,20
2470,703814,10
2471,1678923,40
2472,3248159,20
2473,2332570,10
2474,2190230,20
2475,384105,5
2476,3634800,9999
2477,1690351,20
2478,1564113,20
2479,218312,20
2480,3658222,9999
2481,2699850,20
2482,681172,9999
2483,1964011,20
2484,283721,9999
2485,2717379,30
2486,794012,10
2487,533100,10
2488,680299,30
2489,1716398,10
2490,4469751,20
2491,1994615,9999
2492,2774712,120
2493,2560466,20
2494,1402361,30
2495,3835032,9999
2496,3217261,9999
2497,2198196,5
2498,598243,20
2499,3632741,9999
2500,254313,20
2501,1181814,30
2502,2598652,10
2503,719132,40
2504,2834473,9999
2505,3003614,10
2506,3977788,9999
2507,1350881,30
2508,930713,20
2509,4357739,20
2510,268341,10
2511,2978710,9999
2512,3436158,20
2513,2568491,10
2514,1667968,20
2515,952640,20
2516,2424434,9999
2517,1336138,50
2518,1947359,60
2519,3564419,9999
2520,3397187,10
2521,2069299,20
2522,2278245,20
2523,1259612,60
2524,1980291,30
2525,2328739,9999
2526,4140373,9999
2527,1871332,20
2528,653917,10
2529,964549,10
2530,1482832,20
2531,4383120,9999
2532,4501512,20
2533,4422540,9999
2534,1328258,30
2535,3024025,20
2536,1489268,20
2537,963633,10
2538,2008948,20
2539,1991711,30
2540,361255,20
2541,2651654,9999
2542,2076584,20
2543,2141595,30
2544,3625414,30
2545,3872083,10
2546,655656,5
2547,3094603,10
2548,1772449,20
2549,434137,9999
2550,2592620,9999
2551,1746546,10
2552,1688172,30
2553,2542607,20
2554,2276830,10
2555,812111,20
2556,4501154,9999
2557,4491360,60
2558,1228593,30
2559,328410,20
2560,3107827,30
2561,1339849,20
2562,691327,40
2563,1040196,30
2564,2787580,9999
2565,1844085,120
2566,3547912,20
2567,2134250,20
2568,4277106,9999
2569,4214428,20
2570,255757,10
2571,4501011,9999
2572,2224205,10
2573,3392002,9999
2574,2306915,30
2575,1605895,30
2576,3216275,9999
2577,3201949,30
2578,4150220,9999
2579,861203,30
2580,942601,30
2581,4453383,9999
2582,587530,30
2583,2046574,40
2584,650442,9999
2585,2096396,9999
2586,2634742,10
2587,4478179,10
2588,4003609,9999
2589,3121780,10
2590,4285046,10
2591,4162428,9999
2592,1598832,90
2593,697070,40
2594,4371076,10
2595,2273448,30
2596,802516,20
2597,1577244,30
2598,3954857,9999
2599,1750200,10
2600,2844337,20
2601,661574,30
2602,4364809,10
2603,3097347,20
2604,1190912,20
2605,1953025,20
2606,1245918,10
2607,2528919,10
2608,447264,20
2609,2144806,30
2610,4207253,9999
2611,999882,20
2612,235681,20
2613,1959351,20
2614,2677377,10
2615,1376360,20
2616,488909,10
2617,4237466,30
2618,450372,20
2619,1272411,10
2620,4071977,10
2621,2720121,10
2622,1526498,10
2623,2875313,20
2624,191232,90
2625,4071074,10
2626,593898,30
2627,3559234,9999
2628,2291898,30
2629,4337905,20
2630,4232865,9999
2631,809634,9999
2632,1866588,30
2633,507299,60
2634,235029,20
2635,389688,10
2636,3185576,10
2637,2508984,30
2638,1295682,10
2639,2819675,5
2640,1695453,10
2641,2043536,40
2642,4500339,9999
2643,412316,20
2644,2992718,30
2645,2280765,30
2646,269751,20
2647,2738643,10
2648,153245,30
2649,3264023,20
2650,3398566,9999
2651,353522,10
2652,2043865,30
2653,2858695,10
2654,1948887,20
2655,1102228,10
2656,2691433,30
2657,922893,20
2658,4302124,20
2659,3354827,10
2660,3341326,10
2661,602308,20
2662,874168,10
2663,1287083,20
2664,2375328,60
2665,2514227,9999
2666,2000292,50
2667,2013514,5
2668,2121707,20
2669,2553606,20
2670,1010462,20
2671,3470755,9999
2672,2012755,20
2673,2385469,20
2674,1858659,10
2675,1375167,20
2676,3504776,9999
2677,4071849,20
2678,1611454,20
2679,171676,60
2680,2960930,9999
2681,1084259,20
2682,1151021,20
2683,4040139,40
2684,1864448,10
2685,3717810,20
2686,4017518,30
2687,4094262,10
2688,1006298,90
2689,1773059,30
2690,1382622,20
2691,1328720,20
2692,3822166,9999
2693,1321852,20
2694,1289619,20
2695,4489951,20
2696,3054126,30
2697,4025605,40
2698,2866840,10
2699,4130335,9999
2700,1860667,10
2701,522616,10
2702,4023381,9999
2703,3432967,20
2704,2983277,20
2705,2787797,9999
2706,522753,10
2707,4254534,10
2708,2951447,9999
2709,720459,9999
2710,2912926,9999
2711,352108,20
2712,802306,30
2713,2348817,5
2714,198480,40
2715,1117568,20
2716,790443,20
2717,2955054,10
2718,2266774,10
2719,2497668,40
2720,931704,10
2721,3081529,20
2722,147752,20
2723,1757510,30
2724,3656268,9999
2725,597224,10
2726,1248243,10
2727,601359,9999
2728,4421252,9999
2729,2221969,20
2730,4466736,20
2731,843870,10
2732,336033,30
2733,1066533,20
2734,1484564,20
2735,1259147,20
2736,2921495,120
2737,2636987,20
2738,3513334,9999
2739,3360590,9999
2740,2382752,20
2741,275949,10
2742,1606942,120
2743,1337640,20
2744,1105406,10
2745,2423332,20
2746,2269182,20
2747,2272664,20
2748,1937562,10
2749,3077650,9999
2750,2226486,20
2751,1301637,9999
2752,3390681,10
2753,511025,20
2754,2302311,30
2755,241903,30
2756,922094,30
2757,3872152,9999
2758,570865,50
2759,3412581,9999
2760,4073835,20
2761,373643,9999
2762,1353444,20
2763,2875796,30
2764,1681113,20
2765,2342671,30
2766,2464482,10
2767,1434196,30
2768,1926148,20
2769,2264421,20
2770,408218,20
2771,2364743,20
2772,363478,20
2773,2258958,9999
2774,4424841,9999
2775,1618321,20
2776,2464197,20
2777,3300915,30
2778,377712,20
2779,1360666,9999
2780,3229760,10
2781,1448171,20
2782,2498860,20
2783,2821173,90
2784,992036,20
2785,2457474,20
2786,3312302,20
2787,3983788,9999
2788,2312346,50
2789,3815891,20
2790,3912866,9999
2791,674577,10
2792,3920917,9999
2793,3712583,9999
2794,2749080,10
2795,1467777,20
2796,1455606,10
2797,2092245,20
2798,2721248,30
2799,269481,10
2800,2386224,30
2801,1060351,20
2802,3397534,10
2803,4474547,9999
2804,4117135,20
2805,4281048,20
2806,1619681,10
2807,3251863,9999
2808,2701723,20
2809,427605,20
2810,2898295,20
2811,1974120,20
2812,602369,10
2813,2656125,20
2814,195791,20
2815,2329124,20
2816,4085783,20
2817,113343,10
2818,1587773,30
2819,314861,20
2820,246073,10
2821,1872816,20
2822,1617559,20
2823,1627415,30
2824,1650482,10
2825,3787835,9999
2826,3256099,20
2827,2871599,20
2828,263782,60
2829,1176364,30
2830,3939491,50
2831,1456374,20
2832,1063204,10
2833,2655135,20
2834,2344678,10
2835,992387,10
2836,1448690,10
2837,1532357,9999
2838,622049,10
2839,826268,20
2840,4489176,9999
2841,3629968,20
2842,817866,20
2843,2992811,90
2844,2469156,9999
2845,4015682,20
2846,4294708,20
2847,3638695,9999
2848,1905034,20
2849,2184895,10
2850,665653,20
2851,2859231,9999
2852,1746399,20
2853,1239232,20
2854,2233866,10
2855,2590492,30
2856,3960915,9999
2857,1855231,20
2858,3285450,9999
2859,2712334,30
2860,4098220,10
2861,2026816,20
2862,4120991,9999
2863,4326621,9999
2864,1106932,20
2865,2319603,20
2866,2766130,30
2867,2742195,10
2868,3311298,9999
2869,1263867,30
2870,2513757,20
2871,2064059,9999
2872,3792119,9999
2873,1746419,10
2874,2747102,20
2875,2400126,10
2876,2599830,20
2877,397966,40
2878,2186851,30
2879,2321943,30
2880,1589239,5
2881,4121046,30
2882,3573391,20
2883,2595813,9999
2884,1521756,10
2885,4483582,30
2886,2426852,10
2887,2180439,20
2888,2187256,20
2889,342893,20
2890,794498,10
2891,2485337,20
2892,4050772,20
2893,1691719,10
2894,2013021,20
2895,1296348,9999
2896,4409173,30
2897,2689023,20
2898,526858,50
2899,2194753,30
2900,3603750,9999
2901,3791559,20
2902,1571261,20
2903,3061136,10
2904,437428,40
2905,1244344,5
2906,1241516,30
2907,1234416,30
2908,2163368,20
2909,4434174,40
2910,2032140,40
2911,2520922,20
2912,2724355,5
2913,2463371,20
2914,1888648,20
2915,601768,20
2916,3039573,20
2917,1622894,9999
2918,2358564,20
2919,3908159,20
2920,4054789,10
2921,568560,20
2922,4306405,9999
2923,813864,10
2924,3069697,60
2925,3347285,9999
2926,2457946,10
2927,683068,5
2928,2559339,9999
2929,84482,10
2930,2391518,20
2931,296054,20
2932,1873591,20
2933,2951172,30
2934,916512,10
2935,1962148,9999
2936,1426826,20
2937,2320190,10
2938,1407228,20
2939,2727191,20
2940,1419666,50
2941,1772238,20
2942,3952960,5
2943,1751558,30
2944,890164,50
2945,691669,20
2946,3425447,9999
2947,1269528,10
2948,2210351,20
2949,2065166,20
2950,1945057,20
2951,2529607,5
2952,4382793,20
2953,2341895,9999
2954,2930949,30
2955,2345792,20
2956,3032651,10
2957,2783330,10
2958,1660370,20
2959,655725,20
2960,1095385,10
2961,4211036,20
2962,1083601,50
2963,3042800,9999
2964,853647,50
2965,4334919,10
2966,2380722,5
2967,1958472,40
2968,2228085,50
2969,706160,30
2970,2832250,10
2971,2104445,20
2972,3246332,20
2973,2488196,10
2974,139680,20
2975,1580937,10
2976,2567705,10
2977,2566817,10
2978,2414519,30
2979,457993,10
2980,2551637,20
2981,361263,20
2982,1655481,20
2983,3339224,30
2984,741392,20
2985,1494895,30
2986,3421886,40
2987,3090949,10
2988,3281995,9999
2989,3444085,9999
2990,3643027,9999
2991,464820,20
2992,262404,20
2993,1361201,10
2994,1833032,30
2995,2474861,9999
2996,2489504,9999
2997,4039411,10
2998,3347568,30
2999,4518640,9999
3000,1807582,10
3001,3600150,40
3002,3354201,9999
3003,3417058,9999
3004,2848363,9999
3005,3812972,20
3006,2099385,20
3007,362623,60
3008,1683071,10
3009,1364146,20
3010,2867973,20
3011,1858593,20
3012,2650531,20
3013,1919979,20
3014,4297519,9999
3015,388754,20
3016,3734043,10
3017,961053,30
3018,3708086,10
3019,3501893,10
3020,2126426,20
3021,170657,20
3022,1244016,5
3023,2813809,10
3024,2050984,10
3025,1267633,10
3026,968337,10
3027,2321191,9999
3028,3064123,20
3029,889040,10
3030,722192,9999
3031,354253,10
3032,4029915,10
3033,4186998,10
3034,3972800,40
3035,4485641,9999
3036,2721985,20
3037,1253045,30
3038,3646272,10
3039,849972,9999
3040,510442,30
3041,2515251,20
3042,2638983,20
3043,1682637,40
3044,3637624,20
3045,2330016,20
3046,3570600,30
3047,4258327,10
3048,2370167,20
3049,3836216,30
3050,1047848,20
3051,2085534,120
3052,2434101,20
3053,2687400,20
3054,1229475,20
3055,2936999,60
3056,2187684,20
3057,2315572,20
3058,1148099,30
3059,4264032,10
3060,2581094,20
3061,3486162,9999
3062,1306054,40
3063,1327709,30
3064,2027905,10
3065,3270611,20
3066,184143,60
3067,3792174,10
3068,2885464,120
3069,3300221,10
3070,3885135,9999
3071,2365109,9999
3072,3817377,9999
3073,3049831,9999
3074,2139950,20
3075,2398095,20
3076,3347529,10
3077,3971369,90
3078,994290,20
3079,2683290,9999
3080,1626678,9999
3081,1507520,20
3082,1208144,10
3083,1281233,20
3084,1648134,20
3085,4339813,9999
3086,4485895,20
3087,634220,10
3088,2382359,40
3089,794158,10
3090,289266,10
3091,3784448,20
3092,284511,10
3093,3081564,20
3094,4374307,9999
3095,801567,20
3096,3963929,10
3097,186129,20
3098,2498180,9999
3099,1690077,20
3100,425213,40
3101,1133979,20
3102,3352455,10
3103,4351419,9999
3104,2360075,30
3105,2478507,20
3106,513690,20
3107,1143051,20
3108,2086123,9999
3109,2014048,9999
3110,2797559,20
3111,312188,90
3112,2320112,5
3113,627230,50
3114,1868133,20
3115,3099768,10
3116,2752156,20
3117,2586839,30
3118,1105324,9999
3119,3489805,30
3120,3542730,20
3121,4149522,20
3122,1496502,30
3123,3887333,20
3124,2107507,5
3125,248502,20
3126,2230621,40
3127,2134637,30
3128,2162057,30
3129,1713317,20
3130,180785,20
3131,582586,20
3132,2403048,30
3133,2393660,10
3134,2058361,20
3135,2086964,30
3136,3454587,9999
3137,2262844,20
3138,4106498,20
3139,2742507,20
3140,4471103,9999
3141,720550,10
3142,1335627,20
3143,1339254,20
3144,2885577,20
3145,2428877,30
3146,3157977,9999
3147,2976797,20
3148,3516245,20
3149,3208030,40
3150,1895387,20
3151,4465286,9999
3152,2064062,20
3153,2928482,20
3154,2719739,30
3155,2846106,20
3156,119671,20
3157,1743270,5
3158,798896,20
3159,1511334,10
3160,317558,20
3161,1373801,20
3162,3961738,20
3163,2734769,5
3164,930677,10
3165,1645642,10
3166,2083377,5
3167,2131931,10
3168,2272405,30
3169,3248415,9999
3170,1389976,5
3171,2751393,9999
3172,3316177,9999
3173,2217856,20
3174,266542,20
3175,2408346,10
3176,2521719,20
3177,1236017,20
3178,3270186,9999
3179,4491750,9999
3180,2608972,20
3181,2888938,30
3182,1879324,30
3183,2136348,20
3184,4161008,20
3185,4366100,20
3186,1946705,10
3187,1180925,30
3188,334003,10
3189,948000,20
3190,1424123,20
3191,314266,20
3192,4146052,9999
3193,3088206,9999
3194,2832210,20
3195,1183466,20
3196,4114364,9999
3197,2356812,10
3198,2184800,20
3199,4124228,30
3200,3904141,50
3201,3056045,9999
3202,2288876,9999
3203,3763530,20
3204,2118719,10
3205,3743743,9999
3206,3476458,10
3207,3558392,20
3208,976847,10
3209,3573187,20
3210,1805910,40
3211,2770067,10
3212,3232619,9999
3213,193804,20
3214,4218492,20
3215,4467096,9999
3216,1110166,20
3217,2133275,20
3218,1313754,20
3219,4007283,30
3220,922963,20
3221,1258937,20
3222,2793736,5
3223,1410313,30
3224,4043124,20
3225,1355134,10
3226,3501938,9999
3227,4481896,10
3228,4336421,9999
3229,2932922,20
3230,1306043,10
3231,1727520,50
3232,2488590,20
3233,2071221,10
3234,697840,10
3235,3634635,9999
3236,4347077,9999
3237,2342847,30
3238,2652018,20
3239,3917956,20
3240,940164,20
3241,2196256,10
3242,747247,20
3243,1268343,20
3244,2048398,10
3245,4371684,9999
3246,1006387,30
3247,3752943,40
3248,2186313,60
3249,258902,5
3250,681306,9999
3251,1247115,50
3252,2025647,20
3253,3355041,20
3254,1697033,30
3255,1879735,10
3256,2305027,20
3257,2179932,30
3258,2202480,9999
3259,2196939,20
3260,941519,10
3261,1864384,20
3262,3837914,10
3263,2759977,20
3264,2796099,30
3265,3703736,20
3266,1994748,10
3267,3747868,30
3268,258282,20
3269,1828106,20
3270,1729093,20
3271,3218163,10
3272,2071626,30
3273,2327013,30
3274,2676510,30
3275,1964009,20
3276,4115164,9999
3277,253636,30
3278,1222594,10
3279,1892356,20
3280,2253227,20
3281,1005883,20
3282,2137133,10
3283,4071700,9999
3284,350682,5
3285,4161032,20
3286,1897857,20
3287,417532,20
3288,2399200,10
3289,2137830,20
3290,2264011,20
3291,2334994,20
3292,3037645,20
3293,2697207,5
3294,4370328,20
3295,2744282,20
3296,1974072,10
3297,2767448,30
3298,2522733,10
3299,3148303,10
3300,437612,20
3301,2221374,30
3302,3699932,30
3303,2566181,30
3304,2377699,10
3305,2224199,30
3306,366499,10
3307,2348420,10
3308,1696570,30
3309,3807570,30
3310,1313328,20
3311,2342884,30
3312,2161929,20
3313,446614,10
3314,981380,30
3315,2610752,20
3316,1112989,30
3317,4275073,50
3318,3368343,20
3319,1148299,10
3320,1374491,20
3321,146820,10
3322,1912973,20
3323,864325,10
3324,2740916,20
3325,1426036,20
3326,1498032,10
3327,2044397,10
3328,1979494,20
3329,225008,20
3330,468087,40
3331,861577,10
3332,967112,60
3333,345341,30
3334,2277113,10
3335,2027969,120
3336,3512683,9999
3337,878185,10
3338,771420,20
3339,3373763,9999
3340,293345,40
3341,4066704,9999
3342,1137147,10
3343,3097937,9999
3344,2378868,9999
3345,465573,40
3346,3063389,20
3347,1474029,10
3348,4480205,30
3349,3408103,10
3350,4126901,20
3351,3535270,10
3352,2483427,20
3353,1863302,20
3354,2846716,10
3355,4070500,10
3356,3972180,30
3357,2371425,20
3358,1690666,30
3359,662744,20
3360,2774419,20
3361,2743785,20
3362,2218721,10
3363,1477185,9999
3364,4420966,20
3365,3750801,10
3366,3832940,20
3367,3852341,20
3368,2190212,5
3369,2322801,20
3370,1743175,20
3371,2570782,10
3372,3906804,9999
3373,2964769,10
3374,3912847,10
3375,206457,20
3376,4193975,20
3377,3393872,20
3378,852082,5
3379,400520,20
3380,3325816,10
3381,4367506,9999
3382,893421,30
3383,2066566,20
3384,2007075,30
3385,1652390,10
3386,1944939,10
3387,1816081,30
3388,1709809,9999
3389,2639184,20
3390,3427528,9999
3391,2870223,10
3392,1305439,10
3393,4081542,20
3394,2649052,20
3395,2218263,30
3396,1780800,20
3397,1147984,9999
3398,2429437,20
3399,370222,20
3400,2590094,20
3401,2047515,20
3402,2477688,20
3403,2042202,40
3404,2466099,20
3405,1380278,30
3406,3567812,20
3407,270005,20
3408,2323314,10
3409,3999873,10
3410,2271205,20
3411,2309985,20
3412,2553236,50
3413,1382496,20
3414,4228272,9999
3415,4303610,9999
3416,2521559,10
3417,353684,10
3418,2395059,10
3419,557234,30
3420,306762,20
3421,376030,30
3422,997757,10
3423,823529,30
3424,2163902,20
3425,2141520,30
3426,1879471,10
3427,2087174,20
3428,2616690,10
3429,3807835,30
3430,2400189,10
3431,1680518,20
3432,569389,20
3433,1924695,10
3434,1606017,20
3435,1172994,10
3436,1109473,5
3437,2815587,10
3438,253084,10
3439,3255440,9999
3440,1402363,10
3441,1667857,50
3442,2893856,9999
3443,2388309,20
3444,3641328,30
3445,3352458,10
3446,4475320,9999
3447,3209292,30
3448,2582318,10
3449,1260913,10
3450,473184,20
3451,2487628,20
3452,1493998,20
3453,775906,40
3454,934116,30
3455,4324847,30
3456,2126485,30
3457,964421,20
3458,2586971,20
3459,2155282,30
3460,2767700,9999
3461,2257710,20
3462,2465338,10
3463,678386,9999
3464,2980677,9999
3465,4368000,9999
3466,2528975,9999
3467,1355315,30
3468,4284816,9999
3469,2332572,40
3470,1393589,10
3471,3529789,20
3472,2202249,10
3473,1244373,30
3474,1296056,30
3475,2645006,30
3476,2392587,10
3477,4079351,9999
3478,1422805,20
3479,2482646,40
3480,2721926,20
3481,1764363,10
3482,581934,20
3483,2504772,9999
3484,1677553,20
3485,2938436,30
3486,1174544,20
3487,3801538,5
3488,242768,20
3489,790511,40
3490,429285,10
3491,4012131,30
3492,2237279,20
3493,1781948,10
3494,3795653,10
3495,422975,30
3496,850162,30
3497,1596456,10
3498,2637102,20
3499,3976272,9999
3500,106926,20
3501,296825,20
3502,4124224,10
3503,227687,120
3504,2414806,20
3505,3020765,5
3506,854121,20
3507,2009159,9999
3508,3899398,9999
3509,345459,40
3510,4487237,30
3511,1250222,10
3512,219106,30
3513,1341751,30
3514,3240880,9999
3515,1068890,20
3516,1868493,10
3517,926740,20
3518,1670015,10
3519,2169355,9999
3520,4039518,9999
3521,2478048,5
3522,4499053,10
3523,2093802,20
3524,2145555,10
3525,2021825,10
3526,2536750,10
3527,3813006,60
3528,2287760,20
3529,912435,20
3530,1421854,20
3531,708574,10
3532,2112898,5
3533,274420,20
3534,1581556,10
3535,2512576,20
3536,2524917,30
3537,2853430,20
3538,322821,10
3539,2417945,5
3540,1599023,30
3541,1567269,9999
3542,1905687,40
3543,624515,30
3544,1840053,20
3545,1340013,5
3546,4081124,20
3547,3861155,9999
3548,2025098,20
3549,2287388,20
3550,4324447,9999
3551,952339,30
3552,1458536,20
3553,2134912,40
3554,4500912,20
3555,691920,30
3556,2569203,30
3557,2801478,60
3558,1709079,10
3559,1932235,20
3560,2424458,30
3561,2384629,20
3562,1889701,20
3563,2335022,120
3564,2481640,20
3565,3250341,20
3566,1021294,20
3567,2430948,30
3568,3139667,10
3569,1809657,10
3570,2293774,10
3571,949719,30
3572,2056220,60
3573,2921969,10
3574,3067186,10
3575,2359929,5
3576,4281301,9999
3577,2265362,40
3578,2493411,30
3579,1348024,10
3580,2506077,10
3581,1781773,30
3582,424225,10
3583,3144838,30
3584,1714974,30
3585,1175894,5
3586,759310,20
3587,2133804,60
3588,2208202,20
3589,1231635,30
3590,2440298,20
3591,170363,20
3592,3908857,9999
3593,463043,5
3594,1643173,20
3595,786040,20
3596,2971875,9999
3597,1388982,30
3598,2649224,20
3599,2808788,30
3600,4090430,10
3601,327863,30
3602,2865742,30
3603,2846472,60
3604,1389556,30
3605,1238195,40
3606,871890,20
3607,3377517,30
3608,1094331,10
3609,2361192,10
3610,700754,40
3611,2982298,30
3612,59799,20
3613,2804197,9999
3614,1379647,20
3615,321722,10
3616,917162,20
3617,2197430,10
3618,2766486,9999
3619,2495802,20
3620,1595539,30
3621,3118638,10
3622,2594022,20
3623,2242986,10
3624,2417314,20
3625,2703752,20
3626,3541347,20
3627,2542893,30
3628,476646,40
3629,1928614,9999
3630,1501302,20
3631,2170375,20
3632,1643124,20
3633,910189,60
3634,2157905,10
3635,1367177,10
3636,2961822,50
3637,2023530,10
3638,4491418,20
3639,2583026,30
3640,1134767,20
3641,253817,40
3642,819475,10
3643,2829128,30
3644,3234493,20
3645,1505204,10
3646,858883,20
3647,174662,20
3648,352037,20
3649,2853277,9999
3650,2059546,30
3651,2903072,9999
3652,1666905,10
3653,3197423,9999
3654,2795046,9999
3655,1554088,40
3656,4110983,20
3657,3229921,30
3658,1116495,20
3659,2267666,20
3660,1801532,10
3661,1253463,50
3662,3288296,9999
3663,1395037,30
3664,1031191,9999
3665,1304320,20
3666,329580,30
3667,3085855,9999
3668,3740677,30
3669,3205767,10
3670,2933714,40
3671,1445781,10
3672,110020,10
3673,276759,60
3674,3012395,10
3675,1426305,9999
3676,1605247,10
3677,3876887,30
3678,2096694,20
3679,1464033,20
3680,847633,10
3681,4284705,30
3682,1689298,40
3683,1557061,20
3684,1144473,20
3685,4385276,20
3686,3893078,10
3687,3358215,9999
3688,2267365,10
3689,1050882,20
3690,2197867,10
3691,2668754,20
3692,2773780,20
3693,2685762,30
3694,2494244,20
3695,2176171,30
3696,317344,20
3697,3406384,9999
3698,3770557,10
3699,1109776,20
3700,2365939,9999
3701,2361583,30
3702,1981340,10
3703,1285713,20
3704,1335892,10
3705,1808355,20
3706,3390028,20
3707,580431,9999
3708,4515946,20
3709,2433124,20
3710,2607961,10
3711,4451604,9999
3712,460383,30
3713,1334807,20
3714,2233353,9999
3715,3703612,20
3716,1643165,20
3717,2545244,20
3718,2464381,9999
3719,3741932,20
3720,1671014,30
3721,300710,10
3722,387880,30
3723,95267,30
3724,3918512,20
3725,1411888,20
3726,1139051,20
3727,3014646,20
3728,2224183,20
3729,595408,20
3730,3513460,9999
3731,445022,9999
3732,688795,10
3733,2269906,9999
3734,2307978,20
3735,2881543,20
3736,455022,30
3737,2872091,9999
3738,2299601,20
3739,2521739,9999
3740,2695365,30
3741,1636209,10
3742,1352917,30
3743,2851088,10
3744,2092950,20
3745,3096111,20
3746,3146491,30
3747,2317647,20
3748,418632,5
3749,3694530,10
3750,2172889,40
3751,813605,20
3752,2422332,10
3753,4489205,9999
3754,456198,60
3755,1881425,20
3756,4182515,20
3757,1752695,10
3758,3968493,20
3759,874368,20
3760,3925515,10
3761,3775836,9999
3762,2141198,40
3763,1472504,10
3764,3571241,20
3765,1237912,10
3766,4050670,9999
3767,2873234,20
3768,3245575,20
3769,2083130,20
3770,1573098,10
3771,1533686,20
3772,2259142,30
3773,241860,10
3774,2670011,9999
3775,2179958,20
3776,794575,20
3777,3845342,20
3778,541758,10
3779,889139,5
3780,1098026,10
3781,367763,40
3782,4247797,9999
3783,4493746,10
3784,1273420,40
3785,976529,10
3786,2517250,5
3787,3895689,9999
3788,3875127,10
3789,467271,20
3790,1488998,10
3791,4486401,20
3792,352641,20
3793,3301363,20
3794,1988097,20
3795,470808,20
3796,291447,30
3797,2425805,9999
3798,1794002,10
3799,3922721,9999
3800,616394,20
3801,1359192,40
3802,2904895,30
3803,1590008,10
3804,3902143,20
3805,1240481,10
3806,3234461,5
3807,3012721,9999
3808,2018387,10
3809,460760,20
3810,2636626,20
3811,284887,30
3812,747915,20
3813,537189,10
3814,646836,30
3815,3303866,10
3816,1995164,20
3817,2801019,20
3818,392918,30
3819,4002638,9999
3820,2271740,9999
3821,739473,30
3822,1307454,20
3823,2676741,20
3824,1283789,20
3825,2530524,20
3826,2295557,20
3827,1071287,10
3828,3268933,50
3829,2378603,20
3830,996395,10
3831,2566201,20
3832,3655966,20
3833,696942,20
3834,3855529,20
3835,1552907,30
3836,2027352,10
3837,499083,9999
3838,3869446,20
3839,696041,10
3840,439563,10
3841,1215822,9999
3842,3349225,9999
3843,2887961,20
3844,3034310,10
3845,2301809,20
3846,2469453,20
3847,1911572,20
3848,1158508,20
3849,2868069,9999
3850,1063869,30
3851,273815,30
3852,3259002,20
3853,4050774,20
3854,1866238,10
3855,2408906,9999
3856,981850,20
3857,3915106,20
3858,3762824,30
3859,3648704,20
3860,425940,20
3861,4480081,20
3862,259791,40
3863,1680227,10
3864,2584992,30
3865,911005,9999
3866,1413390,20
3867,778893,30
3868,1076942,9999
3869,4342120,9999
3870,2568209,20
3871,3515792,10
3872,463336,20
3873,2289077,30
3874,1410103,20
3875,3211410,9999
3876,733984,10
3877,3630173,9999
3878,1847477,20
3879,1246847,9999
3880,267552,30
3881,320641,20
3882,2567328,20
3883,329899,30
3884,2073237,30
3885,2629984,20
3886,883172,20
3887,2961192,10
3888,3926518,10
3889,3573285,40
3890,82803,50
3891,2415549,9999
3892,4132457,10
3893,3856201,9999
3894,2403537,9999
3895,2371199,20
3896,3506106,20
3897,4422858,20
3898,208399,10
3899,2695682,20
3900,3695629,10
3901,2084460,9999
3902,519649,20
3903,2426679,90
3904,1019848,50
3905,3584082,20
3906,1765001,20
3907,402672,20
3908,2773725,30
3909,3901954,9999
3910,2472862,10
3911,4430023,20
3912,1307550,9999
3913,1763792,20
3914,4417844,20
3915,3071665,5
3916,3793667,20
3917,3889014,9999
3918,827853,10
3919,994054,30
3920,3198122,30
3921,2885566,20
3922,275001,20
3923,1396450,20
3924,2831180,30
3925,4489849,9999
3926,2361674,30
3927,2296984,9999
3928,2198536,20
3929,2340083,10
3930,2143961,40
3931,4248819,30
3932,2226137,10
3933,3720544,20
3934,826254,120
3935,3788494,20
3936,1399033,20
3937,2432354,20
3938,1513461,30
3939,327686,20
3940,1786402,20
3941,3249242,120
3942,1164298,10
3943,4526714,9999
3944,3924698,20
3945,2098984,30
3946,3287001,10
3947,1269410,10
3948,747305,20
3949,2965283,20
3950,2996751,20
3951,3203817,20
3952,2575102,20
3953,1282376,9999
3954,1517249,10
3955,286584,40
3956,3856807,20
3957,268664,20
3958,1291809,20
3959,2335838,10
3960,2068007,30
3961,2531134,20
3962,1868318,30
3963,1326108,20
3964,4199411,20
3965,2078007,20
3966,1209483,9999
3967,2281345,9999
3968,2527849,40
3969,2087325,20
3970,3334914,20
3971,1961172,30
3972,4410513,9999
3973,827384,20
3974,3991068,20
3975,1415395,30
3976,2382934,20
3977,2661143,30
3978,1160799,10
3979,406308,9999
3980,2921173,20
3981,211897,20
3982,2985983,30
3983,1138688,20
3984,1442171,10
3985,1183877,20
3986,1415550,40
3987,2738521,30
3988,4141285,9999
3989,1243686,50
3990,330381,20
3991,356157,9999
3992,1409066,20
3993,3792488,5
3994,563740,10
3995,4136212,9999
3996,2878907,20
3997,2158395,20
3998,3094367,9999
3999,2769938,10
4000,4264034,20
4001,966769,30
4002,2782423,9999
4003,490689,10
4004,719051,20
4005,3163717,20
4006,2398093,30
4007,537664,10
4008,3328188,20
4009,2403018,10
4010,3774071,10
4011,1029197,40
4012,4140247,9999
4013,2526872,10
4014,296711,30
4015,2306564,20
4016,1574458,60
4017,2628839,20
4018,1683935,10
4019,3215982,20
4020,2166785,5
4021,338709,120
4022,2481348,10
4023,2558810,10
4024,399801,40
4025,423284,30
4026,2156299,30
4027,2170201,20
4028,2234059,20
4029,870137,20
4030,1784645,30
4031,1160808,20
4032,3427387,9999
4033,687410,20
4034,3749534,9999
4035,4144879,9999
4036,4390116,20
4037,2091199,30
4038,3493331,9999
4039,2385025,20
4040,4318889,9999
4041,1331376,5
4042,3430507,40
4043,2669924,10
4044,1298106,10
4045,1247411,20
4046,1690708,10
4047,446412,60
4048,1445175,30
4049,1592330,20
4050,2437140,20
4051,1853320,30
4052,2217806,10
4053,2784723,5
4054,2284385,20
4055,931466,10
4056,666393,9999
4057,275294,10
4058,2202242,30
4059,783048,120
4060,2275685,30
4061,372633,20
4062,2276800,20
4063,2732602,20
4064,1370545,20
4065,2034417,10
4066,2123819,20
4067,3250130,5
4068,1245139,20
4069,849870,10
4070,1488994,60
4071,2244906,20
4072,4241136,9999
4073,411101,5
4074,3815679,9999
4075,919881,5
4076,456465,20
4077,3159626,9999
4078,824571,10
4079,2945711,5
4080,1270345,40
4081,1366409,10
4082,2727162,20
4083,2600870,9999
4084,2249322,9999
4085,4148657,9999
4086,4362308,30
4087,2075253,20
4088,2277509,20
4089,1194384,20
4090,2247445,10
4091,407313,10
4092,1296616,30
4093,1114378,20
4094,389899,10
4095,373393,10
4096,2232953,30
4097,3360410,20
4098,1991486,10
4099,1781060,20
4100,2431775,20
4101,3169855,20
4102,981667,30
4103,1427401,10
4104,2383169,20
4105,2264260,30
4106,1883389,40
4107,3145717,10
4108,435059,60
4109,2534838,10
4110,3997427,20
4111,4087833,9999
4112,1708439,9999
4113,1602356,20
4114,2895383,40
4115,4099968,9999
4116,320175,5
4117,4376465,20
4118,3361190,10
4119,1055691,20
4120,2138263,30
4121,4344144,20
4122,2602549,30
4123,2863845,40
4124,2441135,10
4125,3856470,60
4126,2048983,10
4127,3021558,20
4128,1618188,20
4129,454399,30
4130,2257804,40
4131,1282747,90
4132,1339623,20
4133,1353086,10
4134,1409857,9999
4135,1553025,40
4136,3995733,20
4137,2210176,20
4138,3468573,20
4139,1904140,20
4140,2334474,9999
4141,2409161,50
4142,2220305,10
4143,2242939,20
4144,2237090,20
4145,3903524,10
4146,1706061,20
4147,1315189,20
4148,1988936,20
4149,1080267,20
4150,187972,10
4151,2092150,20
4152,1676144,30
4153,4200197,10
4154,2393344,10
4155,3500965,9999
4156,4141964,9999
4157,2488333,10
4158,2830498,20
4159,3376213,5
4160,2293476,9999
4161,2241883,10
4162,539861,20
4163,1104293,9999
4164,1067125,20
4165,2589093,9999
4166,1693391,20
4167,2213259,10
4168,1159745,20
4169,349739,20
4170,2884642,20
4171,3583966,20
4172,288152,20
4173,4181406,10
4174,1575414,20
4175,341759,10
4176,2150394,10
4177,4011777,9999
4178,2702902,9999
4179,465128,10
4180,2887982,5
4181,279002,20
4182,1501240,10
4183,1187156,10
4184,1717109,30
4185,3417880,9999
4186,4115378,9999
4187,475256,10
4188,3451649,20
4189,4033128,10
4190,723199,20
4191,537347,20
4192,4183600,20
4193,1707627,10
4194,4230599,60
4195,2687349,30
4196,1211705,20
4197,2050737,20
4198,765203,10
4199,1976697,10
4200,2986233,9999
4201,2226639,20
4202,2919839,20
4203,2739869,10
4204,1519918,20
4205,547100,5
4206,4212407,9999
4207,3750631,9999
4208,1092574,20
4209,4057906,30
4210,2557268,9999
4211,1481166,30
4212,883938,20
4213,971130,30
4214,2566535,10
4215,2090706,10
4216,2011041,20
4217,1779242,5
4218,4320182,9999
4219,880752,20
4220,459440,20
4221,295672,40
4222,4431901,9999
4223,2728517,20
4224,724826,60
4225,2220581,30
4226,3663862,10
4227,3349086,20
4228,1308328,5
4229,3098889,20
4230,250986,30
4231,2080842,20
4232,1851307,10
4233,1949906,30
4234,3247250,9999
4235,1832279,10
4236,3729010,9999
4237,1267402,20
4238,3645546,20
4239,435433,20
4240,3242547,90
4241,425960,40
4242,3759257,10
4243,714291,20
4244,1153108,30
4245,1711272,10
4246,1335143,20
4247,1167904,20
4248,2849651,40
4249,4312088,20
4250,1304537,20
4251,736860,40
4252,3570574,9999
4253,3633840,20
4254,2812253,30
4255,3537505,9999
4256,1193990,20
4257,963199,20
4258,747889,30
4259,1088944,20
4260,870087,20
4261,1997929,10
4262,4199919,20
4263,3552540,20
4264,1356251,20
4265,2633804,20
4266,860068,20
4267,4121963,9999
4268,143886,20
4269,1468168,20
4270,4368046,9999
4271,2490282,30
4272,4136121,9999
4273,2769758,20
4274,3367880,20
4275,1042990,20
4276,2783802,9999
4277,877129,20
4278,3367479,5
4279,854219,10
4280,2796753,20
4281,1700434,30
4282,4500692,9999
4283,2900788,30
4284,3005206,30
4285,2004845,10
4286,1329834,10
4287,762913,20
4288,3519729,20
4289,4409801,20
4290,665634,10
4291,4177712,9999
4292,2934957,30
4293,2733377,20
4294,1166568,9999
4295,788560,20
4296,1426380,5
4297,313044,60
4298,2469131,30
4299,2181609,10
4300,4031210,10
4301,1049149,20
4302,3858546,30
4303,4358673,60
4304,1265254,30
4305,3102137,10
4306,1407961,20
4307,2766784,20
4308,4032129,20
4309,2848152,20
4310,2635987,20
4311,2455224,60
4312,4190153,9999
4313,2215163,10
4314,721872,10
4315,1979108,30
4316,2240986,20
4317,1264280,9999
4318,2080803,10
4319,2347588,20
4320,4227323,9999
4321,1058522,20
4322,3909001,20
4323,2698086,10
4324,613227,10
4325,270537,30
4326,3988253,9999
4327,1564004,50
4328,2925829,20
4329,3663966,20
4330,4245509,20
4331,3358639,9999
4332,1183601,20
4333,1205906,20
4334,803442,120
4335,4183840,10
4336,1403172,20
4337,4489941,9999
4338,1217192,10
4339,3313112,9999
4340,1931849,20
4341,3317151,20
4342,984449,20
4343,2414944,10
4344,566958,20
4345,1651036,30
4346,101358,10
4347,670836,20
4348,2468673,20
4349,1073808,40
4350,1113491,20
4351,128170,20
4352,1440455,20
4353,2249027,30
4354,541797,10
4355,1295915,9999
4356,1015277,30
4357,3466296,9999
4358,4144121,30
4359,2672149,9999
4360,4185078,20
4361,384784,10
4362,469473,10
4363,2490369,30
4364,2284389,20
4365,3935990,20
4366,880553,20
4367,2661948,20
4368,3225179,9999
4369,3707857,20
4370,1813861,20
4371,3480638,60
4372,2821749,20
4373,1705732,10
4374,3836924,20
4375,254879,10
4376,788608,30
4377,4061766,30
4378,2137155,10
4379,523943,10
4380,887853,40
4381,3896601,20
4382,3712839,20
4383,1937163,30
4384,2704946,9999
4385,4171668,9999
4386,1970407,20
4387,1467771,20
4388,2550939,10
4389,708532,60
4390,3757930,20
4391,1634474,30
4392,2448338,20
4393,355720,30
4394,633150,30
4395,2003504,20
4396,482196,30
4397,2167177,9999
4398,2273025,40
4399,260218,10
4400,951505,20
4401,1721450,20
4402,2737374,10
4403,1787064,20
4404,2035572,30
4405,1233531,50
4406,1512512,20
4407,708499,20
4408,1256827,30
4409,1517710,20
4410,4155336,9999
4411,3719632,30
4412,1431110,20
4413,2416539,10
4414,2030635,20
4415,219784,30
4416,411747,10
4417,1670228,5
4418,4403959,9999
4419,1216940,30
4420,2081747,10
4421,1112956,10
4422,4070463,40
4423,3481881,20
4424,4477032,9999
4425,2819234,20
4426,4283269,9999
4427,1868138,20
4428,3970932,20
4429,3227903,20
4430,1662583,20
4431,205031,20
4432,3931194,20
4433,2221201,20
4434,3858551,9999
4435,729686,40
4436,4121866,9999
4437,2633901,10
4438,495740,20
4439,1482634,20
4440,3132579,20
4441,4489413,30
4442,2027518,20
4443,4098179,20
4444,2534287,20
4445,1508148,20
4446,1100746,20
4447,2355367,10
4448,1381336,20
4449,2828247,9999
4450,2442299,10
4451,3578411,9999
4452,1836850,5
4453,1467727,30
4454,1464808,20
4455,2796894,30
4456,914772,20
4457,2026535,9999
4458,2328987,10
4459,4512657,9999
4460,1533074,20
4461,3940829,10
4462,126753,5
4463,1177944,40
4464,2669092,20
4465,693720,5
4466,3369866,20
4467,3352235,20
4468,3924154,20
4469,2188429,10
4470,4363467,30
4471,2708925,30
4472,3258665,30
4473,2556842,20
4474,1905402,60
4475,345625,10
4476,4241224,30
4477,2798170,30
4478,1434646,30
4479,1859448,5
4480,1888842,5
4481,272321,10
4482,850488,5
4483,2695836,30
4484,671363,10
4485,1322845,30
4486,103667,20
4487,253305,10
4488,2958548,9999
4489,4157599,30
4490,3205976,9999
4491,2601309,20
4492,1769003,20
4493,3160120,10
4494,1818294,120
4495,3017685,20
4496,1240398,20
4497,1197710,50
4498,3895651,10
4499,1987705,10
4500,1078029,20
4501,2826023,20
4502,1855257,30
4503,1054453,30
4504,1575602,20
4505,4157825,10
4506,3125479,20
4507,2327222,20
4508,4159991,9999
4509,2545444,20
4510,1622276,30
4511,2053136,20
4512,2059491,30
4513,2761386,10
4514,4234689,20
4515,1467789,20
4516,4170982,20
4517,3770642,10
4518,345672,60
4519,4334912,20
4520,391179,30
4521,2158623,9999
4522,4203145,9999
4523,2269081,20
4524,2030623,20
4525,4082535,50
4526,1122676,30
4527,1496323,20
4528,2107798,10
4529,2490057,20
4530,1826112,5
4531,4502246,9999
4532,3041118,20
4533,625640,20
4534,3691309,20
4535,3552668,40
4536,1039972,20
4537,1292140,30
4538,2475778,30
4539,2901120,9999
4540,3666227,10
4541,2075053,20
4542,1376520,30
4543,4323804,30
4544,2715090,10
4545,4205510,20
4546,485795,20
4547,185333,20
4548,3725730,20
4549,3482540,30
4550,3414192,5
4551,426459,20
4552,1794330,20
4553,3352825,20
4554,3285363,30
4555,2126952,20
4556,1389383,20
4557,4485689,9999
4558,3159774,9999
4559,723462,9999
4560,2072647,50
4561,102236,10
4562,3318159,9999
4563,1423269,10
4564,309608,120
4565,1369641,20
4566,3485006,9999
4567,489866,10
4568,1136137,20
4569,537653,20
4570,626017,9999
4571,1625570,20
4572,3013740,20
4573,3372206,10
4574,2035289,20
4575,1388480,10
4576,1752001,5
4577,3359228,9999
4578,3747008,9999
4579,2434188,20
4580,932504,60
4581,4137199,10
4582,1583280,40
4583,3133186,40
4584,2533743,50
4585,2713492,9999
4586,4185628,20
4587,2803316,10
4588,2645485,60
4589,1994851,20
4590,3222687,20
4591,859001,10
4592,384992,20
4593,4033938,9999
4594,499098,10
4595,213833,20
4596,2096542,20
4597,680474,20
4598,4478607,9999
4599,169806,120
4600,243411,50
4601,644410,60
4602,4416274,10
4603,3301440,40
4604,1803266,20
4605,2459857,9999
4606,1712609,10
4607,1746054,10
4608,3459405,20
4609,1024803,30
4610,223343,30
4611,2366169,30
4612,2114161,20
4613,918116,10
4614,4429472,9999
4615,1985493,30
4616,3029885,20
4617,2923657,20
4618,3834488,20
4619,2047118,10
4620,2537346,20
4621,4519826,10
4622,2268995,30
4623,3324132,10
4624,3760802,9999
4625,3384082,9999
4626,3946085,9999
4627,1420111,50
4628,2453365,20
4629,2660362,9999
4630,2060791,20
4631,272989,30
4632,3417069,20
4633,109591,20
4634,1308606,20
4635,2118791,20
4636,1723292,30
4637,624968,10
4638,1177179,10
4639,235917,20
4640,733566,5
4641,2351426,20
4642,3761205,9999
4643,2776992,9999
4644,3297173,30
4645,575031,5
4646,3253382,10
4647,3205018,10
4648,4520589,9999
4649,1128216,5
4650,3967449,9999
4651,1802420,30
4652,1287006,30
4653,1104729,20
4654,271167,10
4655,203258,20
4656,327465,20
4657,3956744,30
4658,3706416,20
4659,1129057,10
4660,3079370,20
4661,1464062,30
4662,3271498,10
4663,2021819,10
4664,2274261,5
4665,4189099,9999
4666,4504193,9999
4667,1983140,30
4668,3074954,10
4669,421365,20
4670,1436211,30
4671,475492,30
4672,3852170,9999
4673,4120888,20
4674,172821,20
4675,1017908,10
4676,2850365,9999
4677,2292677,10
4678,429493,30
4679,781146,20
4680,3075979,20
4681,1284503,10
4682,3467279,9999
4683,1677345,10
4684,4021417,9999
4685,3220751,20
4686,757607,9999
4687,4480956,9999
4688,4248224,10
4689,301609,30
4690,2785563,10
4691,2726705,10
4692,2500150,20
4693,4317157,9999
4694,654719,20
4695,375118,30
4696,789444,20
4697,4208986,20
4698,3240131,20
4699,3879484,9999
4700,3752953,30
4701,3032990,10
4702,1348038,20
4703,2892037,20
4704,961296,30
4705,2346906,20
4706,3705308,9999
4707,2855239,5
4708,804277,10
4709,335993,30
4710,4424630,20
4711,2449031,9999
4712,3391023,60
4713,3280045,20
4714,1405013,10
4715,2752297,10
4716,640920,5
4717,1426773,120
4718,2110047,10
4719,2146627,20
4720,1340664,20
4721,1374291,20
4722,1345935,30
4723,3748631,9999
4724,2822241,20
4725,389416,20
4726,1390985,5
4727,450969,20
4728,761298,10
4729,1995688,20
4730,4143190,40
4731,1224539,30
4732,250163,20
4733,3545949,9999
4734,1936544,5
4735,3999859,9999
4736,2425081,9999
4737,3113947,10
4738,4216189,9999
4739,4030733,20
4740,2986341,10
4741,2649428,20
4742,371049,30
4743,1370840,20
4744,1573666,20
4745,4034320,20
4746,1885856,10
4747,47308,20
4748,1893202,10
4749,2126437,20
4750,2054190,20
4751,638316,20
4752,2347356,10
4753,2186092,30
4754,3939639,9999
4755,3548101,9999
4756,3081534,20
4757,3359249,20
4758,325182,20
4759,3447895,9999
4760,3835578,9999
4761,3623949,9999
4762,4000413,20
4763,835707,9999
4764,255377,20
4765,3150060,5
4766,1513437,10
4767,2418213,30
4768,1462616,20
4769,1185721,30
4770,1716851,20
4771,4376055,30
4772,2834157,9999
4773,2240071,5
4774,760889,10
4775,3972942,20
4776,2882975,20
4777,3141364,9999
4778,48842,10
4779,240933,20
4780,2856907,9999
4781,2078143,20
4782,1787029,20
4783,1080587,30
4784,1287525,10
4785,4246447,9999
4786,955858,30
4787,480108,60
4788,1367940,9999
4789,1321273,20
4790,1291808,9999
4791,3033010,40
4792,2171515,20
4793,1974058,20
4794,1592409,10
4795,1206777,10
4796,391964,30
4797,2263087,10
4798,3117945,9999
4799,2021317,10
4800,557875,20
4801,2659486,5
4802,3616596,20
4803,2611702,40
4804,369087,5
4805,2609762,10
4806,1361656,20
4807,601743,10
4808,3528491,20
4809,3399393,40
4810,2439149,9999
4811,4138535,10
4812,2281893,10
4813,1370417,9999
4814,3615355,20
4815,2914791,9999
4816,2558387,50
4817,3752945,30
4818,1406445,20
4819,4498865,9999
4820,1649333,20
4821,2965778,30
4822,939554,20
4823,2320695,20
4824,2568048,20
4825,286028,60
4826,3740702,30
4827,4410729,9999
4828,2702470,9999
4829,4123816,10
4830,2447469,9999
4831,4425172,20
4832,2936526,20
4833,2626308,20
4834,1405906,20
4835,2399011,9999
4836,482477,20
4837,1459792,10
4838,1348612,20
4839,2314098,9999
4840,3217984,10
4841,4068032,30
4842,4039197,10
4843,783531,10
4844,2880572,10
4845,2827757,30
4846,1422474,10
4847,1013814,30
4848,1625086,30
4849,2170001,20
4850,3413122,30
4851,2473321,10
4852,2433495,10
4853,3884060,20
4854,4256607,20
4855,4119839,9999
4856,259401,40
4857,1244178,20
4858,4146081,20
4859,241932,30
4860,2284490,50
4861,1271666,10
4862,2849762,10
4863,681547,20
4864,2591800,20
4865,2168718,30
4866,830600,30
4867,2580712,30
4868,318296,20
4869,2733213,20
4870,2385419,50
4871,1370315,30
4872,2576492,5
4873,408911,9999
4874,1751733,20
4875,1823222,10
4876,3324256,10
4877,925275,30
4878,2007462,10
4879,3684740,20
4880,2754545,20
4881,2511794,20
4882,2214207,20
4883,3721544,20
4884,3870735,30
4885,4087828,20
4886,4324318,9999
4887,1242628,9999
4888,2127477,40
4889,2191043,10
4890,969223,60
4891,3840696,20
4892,2561183,20
4893,308042,20
4894,2846839,20
4895,4316455,9999
4896,3730990,20
4897,1473705,20
4898,3858475,9999
4899,3219758,9999
4900,2931220,9999
4901,547766,20
4902,2737342,20
4903,2554808,30
4904,420169,30
4905,4432674,9999
4906,260384,20
4907,189832,40
4908,1277065,20
4909,399656,10
4910,1770756,9999
4911,1704944,10
4912,2602952,20
4913,1193677,10
4914,1700907,20
4915,283139,20
4916,1911359,20
4917,2871463,10
4918,2478469,20
4919,738799,30
4920,2451704,30
4921,3871427,9999
4922,2318916,40
4923,2314036,30
4924,3538151,20
4925,855468,30
4926,105802,20
4927,4330658,9999
4928,539600,10
4929,2585228,10
4930,294243,20
4931,3308397,10
4932,4503318,10
4933,2307860,9999
4934,3271586,20
4935,510214,40
4936,821400,20
4937,2582294,50
4938,2494022,20
4939,2961428,20
4940,981797,10
4941,935664,5
4942,2404461,20
4943,2697885,9999
4944,929217,9999
4945,2253519,20
4946,736857,20
4947,3192514,20
4948,2302674,20
4949,3801549,20
4950,509873,30
4951,489344,10
4952,2751028,20
4953,3613468,20
4954,2148300,20
4955,2312859,90
4956,245658,10
4957,2197139,20
4958,1792991,9999
4959,2965345,20
4960,621377,20
4961,1387554,9999
4962,2369414,10
4963,1783379,9999
4964,3520473,30
4965,209435,30
4966,2133530,20
4967,1166676,60
4968,1728939,10
4969,3515382,9999
4970,2878300,10
4971,2236788,20
4972,1045331,20
4973,1786194,10
4974,2603302,20
4975,1321926,10
4976,1794003,30
4977,2506856,30
4978,2744912,20
4979,4433862,9999
4980,861619,9999
4981,2348826,10
4982,3948756,40
4983,1997949,20
4984,2031053,10
4985,4461312,9999
4986,3771177,10
4987,3744239,9999
4988,337890,30
4989,4156097,10
4990,1042677,20
4991,2670505,20
4992,3163413,9999
4993,3778706,30
4994,2946219,40
4995,2770237,10
4996,481689,40
4997,4350331,9999
4998,2021546,20
4999,1132302,30
